shipment_id,source,destination,ship_date,delivery_date,weather_source,weather_destination,news_score,delay_in_days
SHP0001,Kolkata,Ahmedabad,16-02-2024,23-02-2024,Foggy,Stormy,0.12,1
SHP0002,Nagpur,Surat,03-03-2024,10-03-2024,Cloudy,Sunny,0.15,2
SHP0003,Nagpur,Patna,03-01-2024,10-01-2024,Cloudy,Rainy,0.2,3
SHP0004,Kolkata,Patna,05-02-2024,12-02-2024,Sunny,Rainy,0.27,2
SHP0005,Chennai,Indore,21-04-2024,01-05-2024,Foggy,Cloudy,0.26,6
SHP0006,Delhi,Nagpur,09-01-2024,17-01-2024,Cloudy,Rainy,0.26,3
SHP0007,Surat,Ahmedabad,11-04-2024,16-04-2024,Cloudy,Stormy,0.26,2
SHP0008,Hyderabad,Nagpur,11-01-2024,15-01-2024,Stormy,Rainy,0.09,2
SHP0009,Kanpur,Bhopal,07-02-2024,15-02-2024,Cloudy,Foggy,0.39,3
SHP0010,Jaipur,Visakhapatnam,12-01-2024,18-01-2024,Foggy,Foggy,0.06,2
SHP0011,Ahmedabad,Thane,12-01-2024,21-01-2024,Foggy,Cloudy,0.81,4
SHP0012,Chennai,Mumbai,17-01-2024,24-01-2024,Sunny,Foggy,0.05,1
SHP0013,Kolkata,Delhi,27-03-2024,04-04-2024,Foggy,Foggy,0.22,2
SHP0014,Chennai,Thane,31-01-2024,05-02-2024,Rainy,Sunny,0.23,2
SHP0015,Bangalore,Lucknow,10-01-2024,17-01-2024,Cloudy,Foggy,0.06,2
SHP0016,Kanpur,Visakhapatnam,15-05-2024,22-05-2024,Foggy,Cloudy,0.5,2
SHP0017,Pune,Mumbai,02-01-2024,08-01-2024,Stormy,Rainy,0.24,3
SHP0018,Mumbai,Hyderabad,11-02-2024,19-02-2024,Foggy,Foggy,0.14,2
SHP0019,Kanpur,Patna,31-03-2024,08-04-2024,Sunny,Sunny,0.31,3
SHP0020,Kanpur,Nagpur,17-03-2024,23-03-2024,Sunny,Foggy,0.77,0
SHP0021,Mumbai,Nagpur,01-03-2024,06-03-2024,Sunny,Cloudy,0.23,3
SHP0022,Jaipur,Patna,27-05-2024,02-06-2024,Foggy,Sunny,0.07,1
SHP0023,Lucknow,Nagpur,06-03-2024,12-03-2024,Foggy,Foggy,0.36,3
SHP0024,Nagpur,Patna,18-01-2024,24-01-2024,Rainy,Sunny,0.17,1
SHP0025,Ahmedabad,Bhopal,27-02-2024,29-02-2024,Cloudy,Stormy,0.4,0
SHP0026,Pune,Delhi,04-04-2024,08-04-2024,Stormy,Sunny,0.03,1
SHP0027,Kanpur,Indore,07-01-2024,14-01-2024,Cloudy,Stormy,0.04,3
SHP0028,Chennai,Visakhapatnam,17-04-2024,21-04-2024,Foggy,Foggy,0.1,0
SHP0029,Jaipur,Lucknow,12-05-2024,17-05-2024,Foggy,Stormy,0.42,1
SHP0030,Visakhapatnam,Chennai,25-05-2024,01-06-2024,Sunny,Cloudy,0.17,3
SHP0031,Pune,Patna,31-03-2024,10-04-2024,Cloudy,Cloudy,0.16,4
SHP0032,Pune,Patna,23-04-2024,30-04-2024,Rainy,Sunny,0.4,3
SHP0033,Surat,Kanpur,22-05-2024,25-05-2024,Rainy,Rainy,0.07,1
SHP0034,Bhopal,Chennai,29-05-2024,02-06-2024,Sunny,Stormy,0.45,2
SHP0035,Delhi,Bhopal,28-03-2024,06-04-2024,Foggy,Rainy,0.59,4
SHP0036,Delhi,Visakhapatnam,28-02-2024,08-03-2024,Sunny,Foggy,0.2,4
SHP0037,Indore,Patna,13-03-2024,21-03-2024,Sunny,Rainy,0.06,3
SHP0038,Mumbai,Bhopal,17-02-2024,22-02-2024,Stormy,Rainy,0.09,3
SHP0039,Kolkata,Bhopal,20-01-2024,27-01-2024,Cloudy,Foggy,0.13,2
SHP0040,Lucknow,Bangalore,10-04-2024,17-04-2024,Foggy,Stormy,0.25,1
SHP0041,Pune,Delhi,03-02-2024,13-02-2024,Cloudy,Stormy,0.35,5
SHP0042,Hyderabad,Patna,17-04-2024,21-04-2024,Stormy,Stormy,0.21,1
SHP0043,Hyderabad,Delhi,08-04-2024,17-04-2024,Cloudy,Foggy,0.28,4
SHP0044,Patna,Surat,19-01-2024,24-01-2024,Sunny,Foggy,0.15,3
SHP0045,Bangalore,Patna,08-01-2024,11-01-2024,Rainy,Sunny,0.24,0
SHP0046,Delhi,Bhopal,04-03-2024,12-03-2024,Rainy,Foggy,0.49,2
SHP0047,Chennai,Jaipur,30-04-2024,04-05-2024,Stormy,Sunny,0.31,1
SHP0048,Visakhapatnam,Lucknow,16-05-2024,23-05-2024,Sunny,Rainy,0.3,3
SHP0049,Jaipur,Bhopal,21-02-2024,28-02-2024,Sunny,Foggy,0.66,1
SHP0050,Kolkata,Ahmedabad,16-04-2024,19-04-2024,Cloudy,Cloudy,0.16,1
SHP0051,Delhi,Lucknow,31-03-2024,06-04-2024,Rainy,Sunny,0.44,0
SHP0052,Chennai,Visakhapatnam,17-03-2024,20-03-2024,Rainy,Cloudy,0.27,0
SHP0053,Bangalore,Thane,20-01-2024,26-01-2024,Foggy,Cloudy,0.62,4
SHP0054,Lucknow,Ahmedabad,04-02-2024,12-02-2024,Rainy,Rainy,0.54,2
SHP0055,Nagpur,Lucknow,24-01-2024,30-01-2024,Stormy,Rainy,0.13,2
SHP0056,Bhopal,Chennai,09-05-2024,18-05-2024,Rainy,Stormy,0.06,3
SHP0057,Kolkata,Pune,02-02-2024,10-02-2024,Sunny,Sunny,0.19,4
SHP0058,Nagpur,Patna,13-05-2024,17-05-2024,Cloudy,Cloudy,0.4,2
SHP0059,Hyderabad,Bhopal,27-02-2024,02-03-2024,Stormy,Rainy,0.53,1
SHP0060,Ahmedabad,Nagpur,19-02-2024,23-02-2024,Sunny,Sunny,0.14,0
SHP0061,Bangalore,Kanpur,03-04-2024,12-04-2024,Foggy,Foggy,0.37,4
SHP0062,Kolkata,Delhi,25-01-2024,28-01-2024,Stormy,Rainy,0.33,0
SHP0063,Lucknow,Thane,16-01-2024,22-01-2024,Sunny,Foggy,0.46,1
SHP0064,Delhi,Pune,29-05-2024,04-06-2024,Stormy,Sunny,0.18,2
SHP0065,Thane,Jaipur,16-01-2024,24-01-2024,Foggy,Sunny,0.29,3
SHP0066,Indore,Nagpur,28-03-2024,03-04-2024,Sunny,Foggy,0.16,1
SHP0067,Surat,Patna,16-03-2024,23-03-2024,Foggy,Cloudy,0.38,5
SHP0068,Kolkata,Nagpur,01-02-2024,06-02-2024,Cloudy,Sunny,0.33,3
SHP0069,Bhopal,Nagpur,31-01-2024,09-02-2024,Rainy,Foggy,0.81,3
SHP0070,Jaipur,Patna,04-02-2024,07-02-2024,Foggy,Stormy,0.59,1
SHP0071,Mumbai,Jaipur,10-04-2024,13-04-2024,Cloudy,Sunny,0.35,1
SHP0072,Pune,Ahmedabad,23-01-2024,28-01-2024,Foggy,Stormy,0.45,3
SHP0073,Bangalore,Indore,21-05-2024,25-05-2024,Sunny,Rainy,0.44,2
SHP0074,Kolkata,Mumbai,15-02-2024,22-02-2024,Foggy,Cloudy,0.36,2
SHP0075,Patna,Bhopal,02-01-2024,07-01-2024,Cloudy,Rainy,0.24,1
SHP0076,Lucknow,Surat,12-03-2024,21-03-2024,Stormy,Rainy,0.65,4
SHP0077,Hyderabad,Chennai,11-01-2024,19-01-2024,Stormy,Rainy,0.02,2
SHP0078,Pune,Kanpur,25-04-2024,30-04-2024,Rainy,Cloudy,0.16,2
SHP0079,Pune,Bhopal,10-04-2024,17-04-2024,Foggy,Foggy,0.61,2
SHP0080,Kolkata,Delhi,02-02-2024,07-02-2024,Cloudy,Stormy,0.21,2
SHP0081,Delhi,Chennai,04-02-2024,06-02-2024,Cloudy,Rainy,0.03,0
SHP0082,Nagpur,Lucknow,14-05-2024,19-05-2024,Foggy,Sunny,0.41,1
SHP0083,Surat,Kolkata,05-02-2024,13-02-2024,Sunny,Cloudy,0.22,4
SHP0084,Jaipur,Bhopal,08-02-2024,13-02-2024,Rainy,Sunny,0.43,2
SHP0085,Pune,Surat,22-05-2024,25-05-2024,Cloudy,Sunny,0.15,1
SHP0086,Jaipur,Kanpur,21-01-2024,29-01-2024,Cloudy,Foggy,0.5,5
SHP0087,Lucknow,Ahmedabad,24-05-2024,03-06-2024,Stormy,Cloudy,0.42,4
SHP0088,Pune,Chennai,14-02-2024,20-02-2024,Rainy,Cloudy,0.38,3
SHP0089,Bangalore,Mumbai,01-02-2024,08-02-2024,Foggy,Stormy,0.18,2
SHP0090,Kolkata,Surat,10-03-2024,15-03-2024,Rainy,Cloudy,0.24,3
SHP0091,Bhopal,Chennai,14-03-2024,21-03-2024,Sunny,Sunny,0.2,3
SHP0092,Indore,Delhi,26-01-2024,04-02-2024,Stormy,Stormy,0.14,4
SHP0093,Hyderabad,Kolkata,18-01-2024,24-01-2024,Sunny,Cloudy,0.28,3
SHP0094,Patna,Chennai,09-02-2024,15-02-2024,Stormy,Foggy,0.1,4
SHP0095,Patna,Surat,12-03-2024,21-03-2024,Cloudy,Foggy,0.66,3
SHP0096,Hyderabad,Nagpur,04-03-2024,10-03-2024,Rainy,Stormy,0.22,4
SHP0097,Ahmedabad,Pune,16-03-2024,23-03-2024,Sunny,Foggy,0.15,1
SHP0098,Visakhapatnam,Delhi,01-05-2024,06-05-2024,Foggy,Rainy,0.63,2
SHP0099,Bangalore,Kanpur,12-02-2024,18-02-2024,Rainy,Stormy,0.13,4
SHP0100,Indore,Bhopal,18-03-2024,23-03-2024,Foggy,Foggy,0.19,3
SHP0101,Pune,Visakhapatnam,13-05-2024,20-05-2024,Stormy,Sunny,0.31,1
SHP0102,Delhi,Thane,17-02-2024,20-02-2024,Foggy,Stormy,0.11,1
SHP0103,Kanpur,Hyderabad,05-05-2024,12-05-2024,Rainy,Foggy,0.23,3
SHP0104,Kanpur,Pune,11-04-2024,16-04-2024,Stormy,Cloudy,0.56,1
SHP0105,Kolkata,Bangalore,15-03-2024,23-03-2024,Foggy,Stormy,0.22,5
SHP0106,Ahmedabad,Nagpur,09-02-2024,13-02-2024,Rainy,Stormy,0.26,2
SHP0107,Pune,Kolkata,10-03-2024,17-03-2024,Cloudy,Foggy,0.06,1
SHP0108,Bhopal,Pune,11-03-2024,16-03-2024,Stormy,Stormy,0.49,2
SHP0109,Chennai,Kolkata,14-02-2024,20-02-2024,Stormy,Stormy,0.34,1
SHP0110,Pune,Hyderabad,20-04-2024,27-04-2024,Stormy,Sunny,0.21,3
SHP0111,Bhopal,Indore,30-05-2024,08-06-2024,Sunny,Rainy,0.52,3
SHP0112,Delhi,Lucknow,07-03-2024,15-03-2024,Cloudy,Cloudy,0.38,2
SHP0113,Hyderabad,Chennai,05-05-2024,14-05-2024,Rainy,Stormy,0.54,4
SHP0114,Bangalore,Thane,23-02-2024,27-02-2024,Cloudy,Cloudy,0.34,1
SHP0115,Surat,Pune,06-02-2024,09-02-2024,Stormy,Rainy,0.26,1
SHP0116,Indore,Bangalore,05-04-2024,11-04-2024,Sunny,Rainy,0.22,2
SHP0117,Hyderabad,Chennai,18-01-2024,21-01-2024,Cloudy,Foggy,0.35,0
SHP0118,Kolkata,Surat,08-02-2024,16-02-2024,Stormy,Cloudy,0.22,3
SHP0119,Bangalore,Pune,18-01-2024,22-01-2024,Sunny,Sunny,0.5,1
SHP0120,Surat,Bhopal,15-01-2024,23-01-2024,Foggy,Stormy,0.29,2
SHP0121,Mumbai,Bhopal,27-03-2024,05-04-2024,Foggy,Rainy,0.78,3
SHP0122,Delhi,Kolkata,10-01-2024,15-01-2024,Foggy,Stormy,0.31,1
SHP0123,Kanpur,Kolkata,05-04-2024,11-04-2024,Sunny,Rainy,0.44,0
SHP0124,Ahmedabad,Kolkata,05-02-2024,11-02-2024,Foggy,Sunny,0.38,2
SHP0125,Indore,Bhopal,31-01-2024,10-02-2024,Foggy,Rainy,0.1,4
SHP0126,Hyderabad,Mumbai,05-05-2024,13-05-2024,Stormy,Rainy,0.22,3
SHP0127,Delhi,Mumbai,11-03-2024,17-03-2024,Foggy,Cloudy,0.37,2
SHP0128,Indore,Bangalore,20-01-2024,27-01-2024,Foggy,Cloudy,0.15,2
SHP0129,Indore,Jaipur,17-02-2024,22-02-2024,Cloudy,Cloudy,0.59,0
SHP0130,Bhopal,Ahmedabad,26-02-2024,05-03-2024,Stormy,Foggy,0.27,2
SHP0131,Kolkata,Indore,13-02-2024,21-02-2024,Stormy,Rainy,0.11,3
SHP0132,Delhi,Patna,24-05-2024,31-05-2024,Rainy,Sunny,0.23,2
SHP0133,Chennai,Indore,19-04-2024,22-04-2024,Stormy,Stormy,0.68,1
SHP0134,Indore,Lucknow,13-03-2024,19-03-2024,Foggy,Stormy,0.52,3
SHP0135,Chennai,Surat,22-03-2024,28-03-2024,Sunny,Sunny,0.14,1
SHP0136,Indore,Kolkata,15-04-2024,22-04-2024,Foggy,Foggy,0.41,2
SHP0137,Visakhapatnam,Thane,20-02-2024,28-02-2024,Foggy,Stormy,0.28,4
SHP0138,Jaipur,Lucknow,02-01-2024,08-01-2024,Cloudy,Sunny,0.22,2
SHP0139,Surat,Patna,24-03-2024,30-03-2024,Sunny,Cloudy,0.44,0
SHP0140,Chennai,Pune,13-05-2024,17-05-2024,Stormy,Rainy,0.19,2
SHP0141,Lucknow,Surat,29-02-2024,08-03-2024,Cloudy,Cloudy,0.06,5
SHP0142,Delhi,Nagpur,07-01-2024,15-01-2024,Cloudy,Foggy,0.22,2
SHP0143,Thane,Surat,01-05-2024,10-05-2024,Sunny,Stormy,0.27,3
SHP0144,Chennai,Delhi,14-02-2024,19-02-2024,Sunny,Stormy,0.11,2
SHP0145,Bhopal,Lucknow,10-05-2024,16-05-2024,Foggy,Rainy,0.21,1
SHP0146,Indore,Bhopal,07-01-2024,15-01-2024,Cloudy,Cloudy,0.09,2
SHP0147,Surat,Kolkata,30-04-2024,04-05-2024,Sunny,Rainy,0.21,1
SHP0148,Mumbai,Kolkata,12-01-2024,19-01-2024,Stormy,Stormy,0.3,3
SHP0149,Patna,Bangalore,13-02-2024,20-02-2024,Cloudy,Cloudy,0.08,1
SHP0150,Ahmedabad,Jaipur,04-05-2024,13-05-2024,Foggy,Rainy,0.12,4
SHP0151,Indore,Lucknow,22-05-2024,29-05-2024,Cloudy,Stormy,0.2,3
SHP0152,Patna,Ahmedabad,16-03-2024,22-03-2024,Cloudy,Foggy,0.25,3
SHP0153,Thane,Delhi,15-05-2024,19-05-2024,Sunny,Stormy,0.47,1
SHP0154,Jaipur,Lucknow,10-02-2024,13-02-2024,Stormy,Cloudy,0.23,1
SHP0155,Jaipur,Mumbai,16-03-2024,19-03-2024,Sunny,Sunny,0.43,1
SHP0156,Nagpur,Patna,19-05-2024,24-05-2024,Stormy,Foggy,0.6,2
SHP0157,Kanpur,Patna,05-04-2024,10-04-2024,Rainy,Foggy,0.47,3
SHP0158,Thane,Surat,28-01-2024,01-02-2024,Rainy,Cloudy,0.42,1
SHP0159,Jaipur,Bhopal,22-04-2024,29-04-2024,Rainy,Stormy,0.14,1
SHP0160,Bhopal,Kanpur,25-04-2024,29-04-2024,Sunny,Cloudy,0.42,1
SHP0161,Delhi,Kolkata,15-03-2024,21-03-2024,Rainy,Rainy,0.18,2
SHP0162,Bhopal,Patna,25-02-2024,28-02-2024,Sunny,Rainy,0.54,1
SHP0163,Nagpur,Hyderabad,18-03-2024,20-03-2024,Foggy,Cloudy,0.34,0
SHP0164,Bangalore,Indore,19-02-2024,25-02-2024,Cloudy,Stormy,0.06,1
SHP0165,Visakhapatnam,Nagpur,30-04-2024,08-05-2024,Foggy,Cloudy,0.55,4
SHP0166,Ahmedabad,Pune,12-05-2024,14-05-2024,Foggy,Stormy,0.19,0
SHP0167,Bhopal,Mumbai,01-02-2024,06-02-2024,Rainy,Cloudy,0.39,3
SHP0168,Nagpur,Ahmedabad,01-01-2024,08-01-2024,Sunny,Cloudy,0.32,1
SHP0169,Bhopal,Patna,06-05-2024,12-05-2024,Stormy,Cloudy,0.3,1
SHP0170,Nagpur,Patna,05-03-2024,08-03-2024,Stormy,Rainy,0.18,0
SHP0171,Patna,Kolkata,05-01-2024,12-01-2024,Rainy,Sunny,0.35,2
SHP0172,Ahmedabad,Delhi,27-05-2024,31-05-2024,Stormy,Foggy,0.36,2
SHP0173,Visakhapatnam,Lucknow,09-02-2024,17-02-2024,Stormy,Sunny,0.52,4
SHP0174,Kanpur,Thane,10-01-2024,22-01-2024,Sunny,Stormy,0.3,6
SHP0175,Surat,Mumbai,08-02-2024,11-02-2024,Sunny,Sunny,0.22,1
SHP0176,Chennai,Bhopal,15-04-2024,19-04-2024,Rainy,Sunny,0.53,1
SHP0177,Ahmedabad,Lucknow,13-03-2024,17-03-2024,Cloudy,Cloudy,0.12,0
SHP0178,Surat,Patna,14-05-2024,18-05-2024,Cloudy,Cloudy,0.27,2
SHP0179,Mumbai,Ahmedabad,13-01-2024,18-01-2024,Cloudy,Sunny,0.12,0
SHP0180,Lucknow,Chennai,03-03-2024,06-03-2024,Cloudy,Foggy,0.21,1
SHP0181,Bangalore,Kolkata,12-03-2024,20-03-2024,Stormy,Stormy,0.44,3
SHP0182,Visakhapatnam,Nagpur,04-01-2024,13-01-2024,Sunny,Cloudy,0.13,3
SHP0183,Mumbai,Bhopal,11-02-2024,19-02-2024,Sunny,Stormy,0.52,2
SHP0184,Pune,Hyderabad,31-01-2024,05-02-2024,Sunny,Sunny,0.2,3
SHP0185,Hyderabad,Visakhapatnam,02-05-2024,05-05-2024,Stormy,Sunny,0.25,1
SHP0186,Nagpur,Chennai,15-02-2024,22-02-2024,Stormy,Foggy,0.14,4
SHP0187,Pune,Kanpur,21-02-2024,27-02-2024,Sunny,Cloudy,0.16,3
SHP0188,Lucknow,Visakhapatnam,05-03-2024,11-03-2024,Cloudy,Foggy,0.37,4
SHP0189,Visakhapatnam,Ahmedabad,07-01-2024,13-01-2024,Stormy,Sunny,0.33,2
SHP0190,Bhopal,Thane,02-01-2024,09-01-2024,Cloudy,Foggy,0.56,1
SHP0191,Indore,Pune,28-04-2024,04-05-2024,Foggy,Sunny,0.19,0
SHP0192,Patna,Lucknow,08-03-2024,14-03-2024,Stormy,Cloudy,0.14,1
SHP0193,Kolkata,Bangalore,08-05-2024,13-05-2024,Stormy,Cloudy,0.1,2
SHP0194,Patna,Mumbai,01-02-2024,07-02-2024,Sunny,Foggy,0.53,3
SHP0195,Chennai,Pune,02-04-2024,11-04-2024,Stormy,Rainy,0.26,3
SHP0196,Chennai,Visakhapatnam,20-05-2024,28-05-2024,Cloudy,Stormy,0.54,3
SHP0197,Surat,Jaipur,07-03-2024,14-03-2024,Foggy,Cloudy,0.51,1
SHP0198,Indore,Kolkata,07-01-2024,12-01-2024,Rainy,Sunny,0.62,1
SHP0199,Thane,Chennai,09-05-2024,19-05-2024,Stormy,Cloudy,0.46,6
SHP0200,Delhi,Kanpur,04-01-2024,11-01-2024,Foggy,Sunny,0.26,1
SHP0201,Ahmedabad,Pune,20-02-2024,26-02-2024,Foggy,Sunny,0.39,1
SHP0202,Surat,Chennai,11-04-2024,18-04-2024,Cloudy,Cloudy,0.03,2
SHP0203,Indore,Kolkata,02-03-2024,05-03-2024,Stormy,Foggy,0.39,0
SHP0204,Chennai,Jaipur,18-05-2024,20-05-2024,Cloudy,Sunny,0.42,0
SHP0205,Hyderabad,Jaipur,21-03-2024,27-03-2024,Cloudy,Stormy,0.26,0
SHP0206,Jaipur,Lucknow,16-05-2024,22-05-2024,Sunny,Stormy,0.06,1
SHP0207,Nagpur,Hyderabad,06-04-2024,10-04-2024,Cloudy,Rainy,0.39,2
SHP0208,Lucknow,Visakhapatnam,27-04-2024,04-05-2024,Foggy,Rainy,0.19,2
SHP0209,Jaipur,Nagpur,03-02-2024,09-02-2024,Cloudy,Stormy,0.21,3
SHP0210,Bangalore,Hyderabad,04-05-2024,10-05-2024,Cloudy,Cloudy,0.29,3
SHP0211,Kolkata,Nagpur,14-03-2024,24-03-2024,Stormy,Foggy,0.25,4
SHP0212,Kolkata,Pune,20-05-2024,25-05-2024,Rainy,Sunny,0.16,2
SHP0213,Indore,Jaipur,01-05-2024,05-05-2024,Stormy,Cloudy,0.45,1
SHP0214,Thane,Hyderabad,29-05-2024,04-06-2024,Stormy,Cloudy,0.14,2
SHP0215,Hyderabad,Bangalore,19-03-2024,25-03-2024,Stormy,Stormy,0.35,3
SHP0216,Jaipur,Kanpur,05-01-2024,12-01-2024,Sunny,Sunny,0.56,1
SHP0217,Kolkata,Jaipur,12-02-2024,18-02-2024,Rainy,Rainy,0.17,3
SHP0218,Chennai,Kolkata,28-05-2024,30-05-2024,Stormy,Foggy,0.19,0
SHP0219,Ahmedabad,Thane,18-03-2024,28-03-2024,Cloudy,Cloudy,0.49,4
SHP0220,Delhi,Lucknow,11-05-2024,15-05-2024,Rainy,Sunny,0.16,1
SHP0221,Delhi,Kanpur,12-01-2024,16-01-2024,Rainy,Stormy,0.31,2
SHP0222,Pune,Delhi,13-04-2024,17-04-2024,Stormy,Cloudy,0.19,2
SHP0223,Nagpur,Lucknow,01-02-2024,09-02-2024,Rainy,Sunny,0.42,2
SHP0224,Visakhapatnam,Bhopal,24-01-2024,03-02-2024,Cloudy,Stormy,0.22,5
SHP0225,Lucknow,Bangalore,07-03-2024,16-03-2024,Stormy,Rainy,0.36,4
SHP0226,Ahmedabad,Patna,15-03-2024,21-03-2024,Cloudy,Stormy,0.27,3
SHP0227,Lucknow,Thane,19-03-2024,27-03-2024,Sunny,Foggy,0.32,2
SHP0228,Visakhapatnam,Lucknow,17-02-2024,23-02-2024,Sunny,Foggy,0.68,1
SHP0229,Delhi,Patna,20-03-2024,25-03-2024,Stormy,Rainy,0.54,3
SHP0230,Bhopal,Mumbai,15-02-2024,20-02-2024,Stormy,Rainy,0.62,3
SHP0231,Mumbai,Nagpur,04-02-2024,12-02-2024,Cloudy,Foggy,0.47,2
SHP0232,Chennai,Thane,19-03-2024,23-03-2024,Sunny,Foggy,0.33,2
SHP0233,Mumbai,Lucknow,16-04-2024,22-04-2024,Cloudy,Rainy,0.32,2
SHP0234,Patna,Hyderabad,06-04-2024,11-04-2024,Foggy,Sunny,0.48,3
SHP0235,Chennai,Pune,10-02-2024,19-02-2024,Foggy,Sunny,0.8,3
SHP0236,Bangalore,Bhopal,04-05-2024,10-05-2024,Foggy,Cloudy,0.26,4
SHP0237,Surat,Kanpur,29-05-2024,02-06-2024,Stormy,Foggy,0.43,2
SHP0238,Indore,Chennai,10-01-2024,12-01-2024,Stormy,Foggy,0.35,0
SHP0239,Delhi,Nagpur,22-03-2024,26-03-2024,Foggy,Cloudy,0.27,2
SHP0240,Ahmedabad,Chennai,30-03-2024,01-04-2024,Rainy,Foggy,0.32,0
SHP0241,Chennai,Delhi,29-03-2024,07-04-2024,Foggy,Sunny,0.45,3
SHP0242,Pune,Patna,07-05-2024,16-05-2024,Cloudy,Cloudy,0.42,4
SHP0243,Hyderabad,Bhopal,15-01-2024,22-01-2024,Sunny,Rainy,0.3,1
SHP0244,Visakhapatnam,Delhi,22-03-2024,26-03-2024,Stormy,Cloudy,0.24,1
SHP0245,Ahmedabad,Nagpur,05-05-2024,14-05-2024,Sunny,Sunny,0.23,3
SHP0246,Mumbai,Thane,05-03-2024,11-03-2024,Foggy,Rainy,0.06,1
SHP0247,Chennai,Thane,20-02-2024,28-02-2024,Stormy,Sunny,0.23,3
SHP0248,Hyderabad,Kanpur,22-05-2024,26-05-2024,Sunny,Stormy,0.18,2
SHP0249,Kolkata,Visakhapatnam,15-04-2024,22-04-2024,Rainy,Sunny,0.13,1
SHP0250,Surat,Bhopal,20-05-2024,27-05-2024,Rainy,Cloudy,0.41,2
SHP0251,Ahmedabad,Nagpur,12-02-2024,15-02-2024,Foggy,Cloudy,0.37,0
SHP0252,Surat,Lucknow,14-05-2024,16-05-2024,Stormy,Sunny,0.29,0
SHP0253,Bhopal,Patna,09-05-2024,12-05-2024,Rainy,Cloudy,0.47,0
SHP0254,Kolkata,Thane,27-01-2024,01-02-2024,Foggy,Sunny,0.21,1
SHP0255,Surat,Kanpur,16-05-2024,19-05-2024,Foggy,Foggy,0.21,1
SHP0256,Bhopal,Hyderabad,10-02-2024,17-02-2024,Sunny,Rainy,0.11,2
SHP0257,Kanpur,Mumbai,31-03-2024,03-04-2024,Rainy,Stormy,0.72,0
SHP0258,Surat,Patna,30-04-2024,03-05-2024,Cloudy,Sunny,0.3,1
SHP0259,Lucknow,Surat,01-02-2024,04-02-2024,Foggy,Rainy,0.17,0
SHP0260,Bangalore,Chennai,24-04-2024,26-04-2024,Foggy,Foggy,0.12,0
SHP0261,Thane,Surat,19-03-2024,27-03-2024,Sunny,Rainy,0.38,5
SHP0262,Jaipur,Kanpur,19-03-2024,24-03-2024,Foggy,Foggy,0.16,1
SHP0263,Kanpur,Bangalore,08-03-2024,14-03-2024,Rainy,Foggy,0.13,1
SHP0264,Bangalore,Lucknow,13-03-2024,17-03-2024,Foggy,Sunny,0.22,2
SHP0265,Bhopal,Ahmedabad,15-05-2024,20-05-2024,Cloudy,Cloudy,0.56,1
SHP0266,Mumbai,Nagpur,08-02-2024,13-02-2024,Foggy,Cloudy,0.15,2
SHP0267,Bangalore,Nagpur,15-04-2024,17-04-2024,Stormy,Stormy,0.09,0
SHP0268,Bhopal,Hyderabad,28-03-2024,01-04-2024,Cloudy,Foggy,0.37,2
SHP0269,Thane,Surat,06-03-2024,12-03-2024,Foggy,Cloudy,0.26,2
SHP0270,Kolkata,Visakhapatnam,26-04-2024,03-05-2024,Cloudy,Cloudy,0.46,1
SHP0271,Mumbai,Kolkata,04-04-2024,10-04-2024,Cloudy,Rainy,0.29,2
SHP0272,Visakhapatnam,Nagpur,09-03-2024,16-03-2024,Sunny,Cloudy,0.3,2
SHP0273,Delhi,Pune,24-03-2024,02-04-2024,Stormy,Sunny,0.45,3
SHP0274,Bhopal,Thane,25-04-2024,02-05-2024,Stormy,Stormy,0.16,2
SHP0275,Patna,Nagpur,11-04-2024,17-04-2024,Rainy,Cloudy,0.4,3
SHP0276,Visakhapatnam,Bangalore,07-01-2024,13-01-2024,Sunny,Cloudy,0.32,2
SHP0277,Patna,Pune,08-03-2024,12-03-2024,Stormy,Cloudy,0.27,1
SHP0278,Patna,Pune,18-04-2024,23-04-2024,Stormy,Foggy,0.01,2
SHP0279,Kolkata,Thane,02-03-2024,06-03-2024,Stormy,Cloudy,0.32,2
SHP0280,Visakhapatnam,Delhi,24-02-2024,03-03-2024,Rainy,Cloudy,0.24,2
SHP0281,Visakhapatnam,Hyderabad,11-04-2024,21-04-2024,Cloudy,Cloudy,0.2,4
SHP0282,Thane,Kolkata,21-02-2024,01-03-2024,Rainy,Stormy,0.28,3
SHP0283,Hyderabad,Ahmedabad,28-03-2024,04-04-2024,Foggy,Rainy,0.14,2
SHP0284,Kanpur,Nagpur,18-04-2024,25-04-2024,Cloudy,Rainy,0.15,3
SHP0285,Delhi,Chennai,19-02-2024,27-02-2024,Foggy,Rainy,0.27,4
SHP0286,Visakhapatnam,Indore,26-02-2024,03-03-2024,Sunny,Cloudy,0.47,3
SHP0287,Surat,Kanpur,14-05-2024,20-05-2024,Stormy,Sunny,0.43,1
SHP0288,Chennai,Surat,28-02-2024,02-03-2024,Rainy,Rainy,0.36,1
SHP0289,Indore,Lucknow,15-05-2024,18-05-2024,Sunny,Foggy,0.45,1
SHP0290,Chennai,Nagpur,13-03-2024,20-03-2024,Stormy,Stormy,0.66,1
SHP0291,Delhi,Bangalore,21-05-2024,27-05-2024,Sunny,Stormy,0.09,2
SHP0292,Ahmedabad,Visakhapatnam,25-01-2024,02-02-2024,Stormy,Foggy,0.23,2
SHP0293,Visakhapatnam,Chennai,01-01-2024,05-01-2024,Cloudy,Stormy,0.18,0
SHP0294,Bhopal,Patna,06-02-2024,10-02-2024,Cloudy,Rainy,0.28,0
SHP0295,Pune,Visakhapatnam,14-01-2024,19-01-2024,Foggy,Stormy,0.41,2
SHP0296,Pune,Patna,14-04-2024,19-04-2024,Cloudy,Cloudy,0.2,1
SHP0297,Mumbai,Thane,15-01-2024,18-01-2024,Sunny,Stormy,0.48,1
SHP0298,Thane,Visakhapatnam,14-04-2024,21-04-2024,Cloudy,Rainy,0.16,2
SHP0299,Kanpur,Pune,08-04-2024,16-04-2024,Foggy,Cloudy,0.21,3
SHP0300,Thane,Visakhapatnam,21-04-2024,28-04-2024,Foggy,Cloudy,0.08,4
SHP0301,Thane,Indore,13-04-2024,19-04-2024,Foggy,Rainy,0.13,3
SHP0302,Mumbai,Indore,07-01-2024,14-01-2024,Rainy,Rainy,0.63,1
SHP0303,Bangalore,Lucknow,23-05-2024,03-06-2024,Foggy,Cloudy,0.14,5
SHP0304,Indore,Hyderabad,12-04-2024,16-04-2024,Foggy,Stormy,0.27,1
SHP0305,Kolkata,Thane,08-05-2024,17-05-2024,Sunny,Sunny,0.08,3
SHP0306,Hyderabad,Mumbai,20-05-2024,23-05-2024,Stormy,Foggy,0.19,1
SHP0307,Pune,Kolkata,04-01-2024,10-01-2024,Cloudy,Cloudy,0.18,1
SHP0308,Nagpur,Chennai,18-04-2024,25-04-2024,Rainy,Foggy,0.47,3
SHP0309,Ahmedabad,Kolkata,11-02-2024,17-02-2024,Stormy,Foggy,0.45,0
SHP0310,Surat,Indore,18-05-2024,23-05-2024,Stormy,Sunny,0.2,1
SHP0311,Delhi,Lucknow,22-05-2024,27-05-2024,Sunny,Sunny,0.17,3
SHP0312,Chennai,Bhopal,11-03-2024,15-03-2024,Sunny,Stormy,0.23,0
SHP0313,Pune,Chennai,12-03-2024,19-03-2024,Foggy,Cloudy,0.59,1
SHP0314,Delhi,Kolkata,02-04-2024,05-04-2024,Rainy,Rainy,0.27,1
SHP0315,Visakhapatnam,Kolkata,04-04-2024,08-04-2024,Stormy,Rainy,0.31,2
SHP0316,Delhi,Jaipur,25-03-2024,28-03-2024,Foggy,Foggy,0.33,1
SHP0317,Delhi,Jaipur,31-01-2024,07-02-2024,Cloudy,Rainy,0.24,2
SHP0318,Bhopal,Surat,09-02-2024,16-02-2024,Foggy,Stormy,0.28,5
SHP0319,Bhopal,Patna,22-01-2024,26-01-2024,Sunny,Sunny,0.71,1
SHP0320,Nagpur,Bhopal,22-01-2024,29-01-2024,Sunny,Cloudy,0.73,1
SHP0321,Mumbai,Bangalore,02-04-2024,07-04-2024,Stormy,Sunny,0.4,1
SHP0322,Nagpur,Chennai,24-03-2024,30-03-2024,Rainy,Rainy,0.28,2
SHP0323,Visakhapatnam,Thane,18-05-2024,28-05-2024,Cloudy,Stormy,0.46,4
SHP0324,Nagpur,Thane,25-02-2024,05-03-2024,Foggy,Rainy,0.44,4
SHP0325,Jaipur,Nagpur,19-05-2024,24-05-2024,Cloudy,Sunny,0.25,1
SHP0326,Kolkata,Jaipur,25-01-2024,31-01-2024,Cloudy,Rainy,0.08,1
SHP0327,Thane,Ahmedabad,12-02-2024,17-02-2024,Foggy,Foggy,0.48,0
SHP0328,Nagpur,Mumbai,01-04-2024,06-04-2024,Stormy,Foggy,0.42,3
SHP0329,Mumbai,Bangalore,25-05-2024,31-05-2024,Sunny,Stormy,0.14,4
SHP0330,Bhopal,Delhi,27-01-2024,31-01-2024,Cloudy,Cloudy,0.14,2
SHP0331,Indore,Lucknow,20-04-2024,25-04-2024,Stormy,Cloudy,0.15,2
SHP0332,Mumbai,Patna,01-03-2024,05-03-2024,Cloudy,Stormy,0.17,2
SHP0333,Lucknow,Visakhapatnam,02-03-2024,08-03-2024,Cloudy,Sunny,0.81,2
SHP0334,Thane,Surat,30-05-2024,02-06-2024,Cloudy,Stormy,0.33,0
SHP0335,Jaipur,Mumbai,20-04-2024,24-04-2024,Foggy,Sunny,0.07,2
SHP0336,Visakhapatnam,Hyderabad,24-03-2024,01-04-2024,Sunny,Foggy,0.41,2
SHP0337,Hyderabad,Visakhapatnam,07-02-2024,13-02-2024,Foggy,Cloudy,0.12,2
SHP0338,Lucknow,Delhi,18-02-2024,22-02-2024,Rainy,Stormy,0.64,1
SHP0339,Jaipur,Indore,03-02-2024,09-02-2024,Foggy,Stormy,0.09,1
SHP0340,Lucknow,Ahmedabad,27-03-2024,02-04-2024,Cloudy,Stormy,0.05,2
SHP0341,Kanpur,Mumbai,09-02-2024,17-02-2024,Cloudy,Cloudy,0.13,4
SHP0342,Visakhapatnam,Jaipur,22-02-2024,26-02-2024,Rainy,Stormy,0.22,1
SHP0343,Lucknow,Bangalore,05-03-2024,11-03-2024,Sunny,Cloudy,0.39,0
SHP0344,Lucknow,Thane,26-02-2024,02-03-2024,Foggy,Sunny,0.18,2
SHP0345,Thane,Visakhapatnam,02-04-2024,10-04-2024,Foggy,Rainy,0.35,2
SHP0346,Jaipur,Chennai,30-05-2024,07-06-2024,Rainy,Foggy,0.4,6
SHP0347,Patna,Bhopal,26-04-2024,03-05-2024,Rainy,Cloudy,0.18,3
SHP0348,Ahmedabad,Visakhapatnam,22-04-2024,27-04-2024,Foggy,Sunny,0.09,0
SHP0349,Lucknow,Indore,05-03-2024,12-03-2024,Foggy,Foggy,0.13,3
SHP0350,Ahmedabad,Patna,21-03-2024,25-03-2024,Cloudy,Stormy,0.41,0
SHP0351,Bangalore,Kolkata,08-03-2024,12-03-2024,Rainy,Stormy,0.36,2
SHP0352,Jaipur,Delhi,21-03-2024,26-03-2024,Foggy,Stormy,0.34,2
SHP0353,Indore,Nagpur,14-03-2024,20-03-2024,Sunny,Cloudy,0.27,2
SHP0354,Visakhapatnam,Bhopal,22-03-2024,27-03-2024,Stormy,Cloudy,0.39,3
SHP0355,Kolkata,Indore,27-05-2024,02-06-2024,Sunny,Sunny,0.26,4
SHP0356,Indore,Kanpur,20-03-2024,25-03-2024,Stormy,Cloudy,0.36,3
SHP0357,Nagpur,Pune,11-05-2024,14-05-2024,Cloudy,Foggy,0.18,1
SHP0358,Nagpur,Surat,08-01-2024,14-01-2024,Foggy,Sunny,0.61,3
SHP0359,Ahmedabad,Bangalore,23-04-2024,30-04-2024,Rainy,Rainy,0.05,2
SHP0360,Hyderabad,Chennai,05-04-2024,11-04-2024,Cloudy,Rainy,0.25,3
SHP0361,Ahmedabad,Kolkata,17-02-2024,24-02-2024,Foggy,Cloudy,0.2,1
SHP0362,Mumbai,Visakhapatnam,27-03-2024,03-04-2024,Stormy,Cloudy,0.23,1
SHP0363,Hyderabad,Mumbai,10-01-2024,13-01-2024,Stormy,Sunny,0.54,1
SHP0364,Patna,Chennai,06-05-2024,11-05-2024,Foggy,Rainy,0.64,2
SHP0365,Visakhapatnam,Patna,28-03-2024,06-04-2024,Stormy,Sunny,0.08,4
SHP0366,Ahmedabad,Jaipur,15-03-2024,24-03-2024,Rainy,Foggy,0.1,4
SHP0367,Kanpur,Delhi,13-04-2024,18-04-2024,Rainy,Cloudy,0.45,0
SHP0368,Visakhapatnam,Thane,20-04-2024,30-04-2024,Foggy,Foggy,0.2,6
SHP0369,Hyderabad,Thane,17-04-2024,25-04-2024,Rainy,Sunny,0.44,4
SHP0370,Delhi,Nagpur,26-01-2024,03-02-2024,Rainy,Rainy,0.05,3
SHP0371,Lucknow,Visakhapatnam,12-05-2024,17-05-2024,Sunny,Rainy,0.47,3
SHP0372,Visakhapatnam,Jaipur,17-04-2024,22-04-2024,Foggy,Sunny,0.31,0
SHP0373,Pune,Mumbai,20-02-2024,23-02-2024,Stormy,Stormy,0.36,1
SHP0374,Kolkata,Bhopal,02-02-2024,06-02-2024,Cloudy,Cloudy,0.13,2
SHP0375,Bangalore,Ahmedabad,14-01-2024,19-01-2024,Sunny,Sunny,0.25,1
SHP0376,Chennai,Surat,21-05-2024,26-05-2024,Rainy,Stormy,0.2,3
SHP0377,Chennai,Kanpur,11-02-2024,20-02-2024,Foggy,Stormy,0.24,3
SHP0378,Nagpur,Ahmedabad,07-04-2024,10-04-2024,Cloudy,Foggy,0.39,1
SHP0379,Kanpur,Kolkata,30-05-2024,07-06-2024,Sunny,Sunny,0.22,2
SHP0380,Nagpur,Pune,30-03-2024,04-04-2024,Cloudy,Rainy,0.04,1
SHP0381,Visakhapatnam,Hyderabad,15-02-2024,18-02-2024,Cloudy,Stormy,0.21,1
SHP0382,Patna,Hyderabad,07-01-2024,11-01-2024,Sunny,Sunny,0.14,0
SHP0383,Indore,Bhopal,27-01-2024,02-02-2024,Cloudy,Rainy,0.21,1
SHP0384,Patna,Bangalore,20-01-2024,24-01-2024,Stormy,Rainy,0.36,2
SHP0385,Lucknow,Nagpur,30-01-2024,05-02-2024,Foggy,Rainy,0.62,1
SHP0386,Kanpur,Mumbai,23-04-2024,30-04-2024,Rainy,Sunny,0.13,3
SHP0387,Chennai,Thane,07-01-2024,12-01-2024,Cloudy,Foggy,0.39,1
SHP0388,Bangalore,Mumbai,13-04-2024,18-04-2024,Stormy,Sunny,0.25,1
SHP0389,Hyderabad,Chennai,03-01-2024,07-01-2024,Cloudy,Stormy,0.32,1
SHP0390,Indore,Hyderabad,25-01-2024,31-01-2024,Sunny,Rainy,0.48,3
SHP0391,Hyderabad,Ahmedabad,03-01-2024,05-01-2024,Stormy,Cloudy,0.54,0
SHP0392,Indore,Kolkata,14-04-2024,17-04-2024,Rainy,Sunny,0.41,0
SHP0393,Thane,Hyderabad,08-04-2024,17-04-2024,Rainy,Sunny,0.18,4
SHP0394,Mumbai,Bangalore,24-05-2024,28-05-2024,Cloudy,Cloudy,0.39,1
SHP0395,Patna,Pune,21-03-2024,29-03-2024,Stormy,Rainy,0.26,2
SHP0396,Bhopal,Lucknow,25-01-2024,29-01-2024,Foggy,Cloudy,0.17,1
SHP0397,Delhi,Kanpur,01-03-2024,06-03-2024,Cloudy,Cloudy,0.3,2
SHP0398,Indore,Ahmedabad,29-01-2024,05-02-2024,Stormy,Cloudy,0.55,2
SHP0399,Visakhapatnam,Kolkata,20-02-2024,25-02-2024,Stormy,Rainy,0.26,3
SHP0400,Jaipur,Chennai,19-03-2024,24-03-2024,Stormy,Rainy,0.17,2
SHP0401,Bangalore,Thane,08-03-2024,17-03-2024,Stormy,Rainy,0.37,3
SHP0402,Kolkata,Lucknow,10-02-2024,17-02-2024,Rainy,Stormy,0.33,1
SHP0403,Chennai,Kanpur,15-03-2024,23-03-2024,Stormy,Foggy,0.24,4
SHP0404,Surat,Delhi,25-02-2024,04-03-2024,Rainy,Rainy,0.15,4
SHP0405,Surat,Lucknow,09-03-2024,16-03-2024,Stormy,Foggy,0.4,1
SHP0406,Hyderabad,Delhi,01-04-2024,06-04-2024,Sunny,Foggy,0.2,0
SHP0407,Kanpur,Mumbai,13-03-2024,17-03-2024,Stormy,Cloudy,0.35,2
SHP0408,Chennai,Visakhapatnam,14-05-2024,18-05-2024,Rainy,Stormy,0.25,1
SHP0409,Surat,Chennai,20-03-2024,23-03-2024,Cloudy,Stormy,0.05,1
SHP0410,Bangalore,Pune,30-03-2024,05-04-2024,Foggy,Sunny,0.45,2
SHP0411,Visakhapatnam,Surat,25-01-2024,04-02-2024,Foggy,Stormy,0.44,4
SHP0412,Bangalore,Delhi,27-04-2024,02-05-2024,Sunny,Cloudy,0.13,1
SHP0413,Kolkata,Bhopal,25-02-2024,03-03-2024,Stormy,Stormy,0.06,2
SHP0414,Patna,Lucknow,18-02-2024,22-02-2024,Foggy,Rainy,0.34,1
SHP0415,Jaipur,Bhopal,07-02-2024,11-02-2024,Sunny,Stormy,0.22,2
SHP0416,Ahmedabad,Kolkata,21-05-2024,25-05-2024,Sunny,Foggy,0.41,1
SHP0417,Chennai,Kanpur,23-03-2024,28-03-2024,Rainy,Sunny,0.14,1
SHP0418,Chennai,Indore,25-02-2024,01-03-2024,Sunny,Stormy,0.14,1
SHP0419,Nagpur,Delhi,06-04-2024,09-04-2024,Sunny,Foggy,0.42,0
SHP0420,Pune,Visakhapatnam,29-05-2024,04-06-2024,Cloudy,Rainy,0.36,1
SHP0421,Delhi,Bhopal,12-05-2024,20-05-2024,Stormy,Rainy,0.19,2
SHP0422,Surat,Delhi,05-02-2024,13-02-2024,Stormy,Cloudy,0.4,2
SHP0423,Jaipur,Delhi,28-03-2024,04-04-2024,Cloudy,Sunny,0.08,2
SHP0424,Mumbai,Visakhapatnam,01-02-2024,04-02-2024,Rainy,Foggy,0.42,1
SHP0425,Bangalore,Kanpur,12-01-2024,20-01-2024,Cloudy,Cloudy,0.25,5
SHP0426,Surat,Kolkata,05-03-2024,13-03-2024,Sunny,Sunny,0.44,4
SHP0427,Ahmedabad,Hyderabad,26-05-2024,31-05-2024,Foggy,Cloudy,0.13,1
SHP0428,Bhopal,Chennai,31-03-2024,04-04-2024,Stormy,Stormy,0.17,1
SHP0429,Delhi,Bhopal,23-05-2024,28-05-2024,Foggy,Rainy,0.44,1
SHP0430,Bangalore,Thane,21-02-2024,26-02-2024,Sunny,Sunny,0.56,2
SHP0431,Visakhapatnam,Kolkata,15-02-2024,24-02-2024,Sunny,Rainy,0.82,4
SHP0432,Bangalore,Bhopal,24-03-2024,02-04-2024,Foggy,Sunny,0.34,3
SHP0433,Jaipur,Indore,05-01-2024,10-01-2024,Cloudy,Sunny,0.06,2
SHP0434,Nagpur,Bangalore,26-03-2024,30-03-2024,Foggy,Foggy,0.1,2
SHP0435,Kanpur,Lucknow,08-04-2024,13-04-2024,Rainy,Stormy,0.3,1
SHP0436,Bhopal,Delhi,07-02-2024,17-02-2024,Stormy,Foggy,0.56,4
SHP0437,Surat,Jaipur,23-03-2024,04-04-2024,Sunny,Sunny,0.38,6
SHP0438,Patna,Thane,17-01-2024,22-01-2024,Cloudy,Foggy,0.03,1
SHP0439,Indore,Kanpur,07-04-2024,14-04-2024,Foggy,Rainy,0.25,1
SHP0440,Indore,Patna,28-03-2024,05-04-2024,Cloudy,Foggy,0.3,3
SHP0441,Thane,Visakhapatnam,16-03-2024,23-03-2024,Cloudy,Stormy,0.27,5
SHP0442,Chennai,Ahmedabad,06-03-2024,13-03-2024,Rainy,Foggy,0.09,1
SHP0443,Chennai,Patna,15-02-2024,19-02-2024,Cloudy,Sunny,0.12,1
SHP0444,Pune,Indore,19-01-2024,29-01-2024,Stormy,Rainy,0.24,4
SHP0445,Patna,Jaipur,09-02-2024,12-02-2024,Stormy,Cloudy,0.53,1
SHP0446,Surat,Kolkata,27-04-2024,02-05-2024,Foggy,Cloudy,0.3,2
SHP0447,Bangalore,Bhopal,03-01-2024,06-01-2024,Rainy,Foggy,0.26,1
SHP0448,Nagpur,Indore,13-04-2024,18-04-2024,Stormy,Foggy,0.33,0
SHP0449,Jaipur,Visakhapatnam,25-01-2024,02-02-2024,Sunny,Sunny,0.16,2
SHP0450,Jaipur,Ahmedabad,06-02-2024,13-02-2024,Cloudy,Stormy,0.19,2
SHP0451,Visakhapatnam,Nagpur,31-03-2024,08-04-2024,Foggy,Stormy,0.17,3
SHP0452,Ahmedabad,Chennai,25-01-2024,30-01-2024,Cloudy,Stormy,0.32,2
SHP0453,Visakhapatnam,Bangalore,09-02-2024,18-02-2024,Rainy,Stormy,0.33,3
SHP0454,Pune,Kanpur,28-04-2024,06-05-2024,Stormy,Cloudy,0.14,2
SHP0455,Nagpur,Hyderabad,17-05-2024,25-05-2024,Stormy,Cloudy,0.17,3
SHP0456,Bangalore,Visakhapatnam,17-05-2024,24-05-2024,Rainy,Sunny,0.27,2
SHP0457,Pune,Visakhapatnam,28-02-2024,04-03-2024,Rainy,Sunny,0.3,1
SHP0458,Pune,Bhopal,17-01-2024,21-01-2024,Rainy,Cloudy,0.02,2
SHP0459,Delhi,Indore,08-05-2024,17-05-2024,Sunny,Foggy,0.77,4
SHP0460,Patna,Delhi,20-05-2024,26-05-2024,Foggy,Stormy,0.14,2
SHP0461,Surat,Kolkata,10-01-2024,16-01-2024,Foggy,Sunny,0.38,2
SHP0462,Delhi,Kolkata,11-01-2024,18-01-2024,Rainy,Stormy,0.33,2
SHP0463,Lucknow,Kolkata,12-02-2024,16-02-2024,Cloudy,Sunny,0.17,1
SHP0464,Kanpur,Pune,22-05-2024,29-05-2024,Stormy,Stormy,0.35,2
SHP0465,Indore,Chennai,05-05-2024,10-05-2024,Sunny,Rainy,0.06,2
SHP0466,Mumbai,Thane,30-01-2024,06-02-2024,Stormy,Stormy,0.25,2
SHP0467,Thane,Mumbai,04-03-2024,09-03-2024,Foggy,Sunny,0.59,0
SHP0468,Thane,Mumbai,05-05-2024,10-05-2024,Foggy,Cloudy,0.28,2
SHP0469,Indore,Visakhapatnam,12-03-2024,22-03-2024,Rainy,Cloudy,0.14,6
SHP0470,Ahmedabad,Nagpur,12-02-2024,17-02-2024,Sunny,Rainy,0.1,3
SHP0471,Lucknow,Mumbai,17-03-2024,21-03-2024,Foggy,Foggy,0.37,1
SHP0472,Indore,Visakhapatnam,28-03-2024,03-04-2024,Sunny,Rainy,0.68,2
SHP0473,Jaipur,Patna,10-02-2024,13-02-2024,Foggy,Sunny,0.24,1
SHP0474,Nagpur,Surat,17-04-2024,23-04-2024,Sunny,Stormy,0.52,2
SHP0475,Chennai,Thane,03-03-2024,10-03-2024,Stormy,Rainy,0.46,3
SHP0476,Indore,Thane,09-04-2024,15-04-2024,Stormy,Stormy,0.17,1
SHP0477,Patna,Ahmedabad,30-04-2024,12-05-2024,Cloudy,Sunny,0.29,6
SHP0478,Kolkata,Indore,22-05-2024,24-05-2024,Stormy,Sunny,0.1,0
SHP0479,Visakhapatnam,Patna,08-01-2024,16-01-2024,Sunny,Rainy,0.21,2
SHP0480,Pune,Mumbai,09-01-2024,16-01-2024,Cloudy,Sunny,0.31,3
SHP0481,Mumbai,Bangalore,11-03-2024,19-03-2024,Foggy,Foggy,0.52,3
SHP0482,Thane,Mumbai,12-05-2024,17-05-2024,Cloudy,Stormy,0.32,2
SHP0483,Chennai,Nagpur,19-05-2024,26-05-2024,Rainy,Cloudy,0.01,1
SHP0484,Delhi,Nagpur,23-05-2024,30-05-2024,Rainy,Stormy,0.37,1
SHP0485,Delhi,Kolkata,29-03-2024,03-04-2024,Stormy,Cloudy,0.03,1
SHP0486,Kanpur,Ahmedabad,31-01-2024,06-02-2024,Foggy,Rainy,0.39,1
SHP0487,Hyderabad,Visakhapatnam,01-02-2024,07-02-2024,Cloudy,Stormy,0.07,2
SHP0488,Bhopal,Kolkata,17-01-2024,24-01-2024,Cloudy,Stormy,0.2,3
SHP0489,Jaipur,Nagpur,20-02-2024,25-02-2024,Stormy,Sunny,0.23,0
SHP0490,Kanpur,Chennai,08-03-2024,13-03-2024,Stormy,Rainy,0.27,2
SHP0491,Surat,Nagpur,30-04-2024,05-05-2024,Sunny,Rainy,0.36,2
SHP0492,Jaipur,Pune,26-03-2024,30-03-2024,Foggy,Stormy,0.14,1
SHP0493,Delhi,Pune,17-01-2024,25-01-2024,Cloudy,Foggy,0.2,6
SHP0494,Thane,Bhopal,06-03-2024,12-03-2024,Foggy,Rainy,0.25,4
SHP0495,Pune,Hyderabad,18-04-2024,23-04-2024,Foggy,Cloudy,0.51,0
SHP0496,Jaipur,Ahmedabad,09-04-2024,13-04-2024,Cloudy,Sunny,0.23,2
SHP0497,Ahmedabad,Jaipur,26-03-2024,29-03-2024,Stormy,Rainy,0.59,1
SHP0498,Ahmedabad,Patna,17-04-2024,23-04-2024,Rainy,Sunny,0.3,2
SHP0499,Thane,Kanpur,02-01-2024,08-01-2024,Foggy,Stormy,0.12,3
SHP0500,Nagpur,Bangalore,03-03-2024,10-03-2024,Cloudy,Cloudy,0.34,2
SHP0501,Thane,Lucknow,31-03-2024,03-04-2024,Rainy,Foggy,0.39,0
SHP0502,Indore,Kolkata,28-05-2024,05-06-2024,Sunny,Sunny,0.38,5
SHP0503,Bhopal,Visakhapatnam,07-05-2024,11-05-2024,Sunny,Foggy,0.34,2
SHP0504,Kanpur,Bhopal,18-02-2024,21-02-2024,Stormy,Rainy,0.16,1
SHP0505,Kanpur,Bhopal,01-03-2024,05-03-2024,Rainy,Foggy,0.2,2
SHP0506,Surat,Kanpur,30-01-2024,05-02-2024,Sunny,Foggy,0.51,3
SHP0507,Pune,Indore,08-03-2024,15-03-2024,Rainy,Rainy,0.21,1
SHP0508,Kanpur,Jaipur,10-04-2024,16-04-2024,Rainy,Cloudy,0.09,1
SHP0509,Pune,Visakhapatnam,23-01-2024,27-01-2024,Sunny,Cloudy,0.14,0
SHP0510,Bangalore,Hyderabad,08-01-2024,15-01-2024,Rainy,Foggy,0.08,2
SHP0511,Bangalore,Surat,23-02-2024,01-03-2024,Cloudy,Sunny,0.24,3
SHP0512,Mumbai,Patna,23-04-2024,29-04-2024,Cloudy,Cloudy,0.21,4
SHP0513,Kanpur,Ahmedabad,05-02-2024,12-02-2024,Rainy,Stormy,0.39,3
SHP0514,Indore,Nagpur,12-02-2024,20-02-2024,Foggy,Sunny,0.27,2
SHP0515,Pune,Chennai,07-01-2024,14-01-2024,Sunny,Cloudy,0.24,2
SHP0516,Pune,Mumbai,13-04-2024,21-04-2024,Stormy,Cloudy,0.31,3
SHP0517,Ahmedabad,Kolkata,10-04-2024,17-04-2024,Stormy,Foggy,0.2,1
SHP0518,Patna,Mumbai,24-03-2024,30-03-2024,Sunny,Rainy,0.21,2
SHP0519,Visakhapatnam,Bangalore,03-01-2024,10-01-2024,Rainy,Rainy,0.43,1
SHP0520,Chennai,Kanpur,01-05-2024,08-05-2024,Sunny,Stormy,0.69,2
SHP0521,Lucknow,Kanpur,10-04-2024,15-04-2024,Foggy,Sunny,0.12,1
SHP0522,Visakhapatnam,Lucknow,01-03-2024,11-03-2024,Rainy,Cloudy,0.42,5
SHP0523,Chennai,Hyderabad,29-04-2024,03-05-2024,Rainy,Foggy,0.07,2
SHP0524,Thane,Surat,25-01-2024,30-01-2024,Stormy,Foggy,0.25,1
SHP0525,Kolkata,Delhi,22-03-2024,31-03-2024,Cloudy,Cloudy,0.64,3
SHP0526,Kolkata,Indore,03-05-2024,06-05-2024,Rainy,Sunny,0.37,0
SHP0527,Indore,Visakhapatnam,20-02-2024,29-02-2024,Cloudy,Foggy,0.29,4
SHP0528,Thane,Kolkata,29-01-2024,02-02-2024,Sunny,Foggy,0.04,1
SHP0529,Indore,Patna,10-02-2024,17-02-2024,Foggy,Stormy,0.08,5
SHP0530,Kanpur,Patna,25-05-2024,01-06-2024,Stormy,Foggy,0.32,1
SHP0531,Bhopal,Nagpur,18-05-2024,26-05-2024,Sunny,Foggy,0.09,3
SHP0532,Nagpur,Jaipur,01-03-2024,09-03-2024,Rainy,Sunny,0.21,4
SHP0533,Surat,Visakhapatnam,01-04-2024,05-04-2024,Cloudy,Stormy,0.5,0
SHP0534,Nagpur,Surat,10-01-2024,15-01-2024,Stormy,Foggy,0.21,1
SHP0535,Visakhapatnam,Indore,09-04-2024,12-04-2024,Cloudy,Cloudy,0.11,1
SHP0536,Bangalore,Hyderabad,17-02-2024,20-02-2024,Rainy,Rainy,0.3,1
SHP0537,Visakhapatnam,Surat,20-04-2024,28-04-2024,Foggy,Rainy,0.6,5
SHP0538,Delhi,Thane,17-05-2024,23-05-2024,Stormy,Sunny,0.32,2
SHP0539,Visakhapatnam,Chennai,15-03-2024,19-03-2024,Sunny,Sunny,0.19,0
SHP0540,Nagpur,Visakhapatnam,22-04-2024,28-04-2024,Foggy,Stormy,0.13,2
SHP0541,Hyderabad,Thane,06-05-2024,16-05-2024,Foggy,Foggy,0.11,6
SHP0542,Indore,Delhi,24-05-2024,03-06-2024,Cloudy,Stormy,0.35,5
SHP0543,Chennai,Lucknow,23-04-2024,03-05-2024,Cloudy,Foggy,0.27,7
SHP0544,Chennai,Bhopal,21-05-2024,25-05-2024,Sunny,Foggy,0.21,2
SHP0545,Delhi,Patna,27-05-2024,03-06-2024,Sunny,Foggy,0.18,1
SHP0546,Kanpur,Pune,19-02-2024,25-02-2024,Stormy,Sunny,0.16,1
SHP0547,Surat,Hyderabad,08-05-2024,12-05-2024,Stormy,Foggy,0.57,0
SHP0548,Patna,Ahmedabad,18-03-2024,25-03-2024,Sunny,Rainy,0.33,2
SHP0549,Delhi,Indore,15-02-2024,21-02-2024,Foggy,Cloudy,0.61,0
SHP0550,Surat,Bhopal,03-02-2024,11-02-2024,Cloudy,Cloudy,0.12,2
SHP0551,Nagpur,Visakhapatnam,12-03-2024,18-03-2024,Foggy,Sunny,0.09,0
SHP0552,Kanpur,Indore,14-01-2024,19-01-2024,Stormy,Rainy,0.77,3
SHP0553,Surat,Indore,28-04-2024,03-05-2024,Foggy,Foggy,0.24,1
SHP0554,Bangalore,Kanpur,30-03-2024,02-04-2024,Foggy,Cloudy,0.33,1
SHP0555,Lucknow,Pune,24-05-2024,30-05-2024,Rainy,Stormy,0.22,1
SHP0556,Mumbai,Nagpur,23-02-2024,27-02-2024,Foggy,Cloudy,0.18,2
SHP0557,Lucknow,Visakhapatnam,24-04-2024,01-05-2024,Sunny,Rainy,0.02,2
SHP0558,Patna,Bangalore,17-03-2024,21-03-2024,Stormy,Foggy,0.58,2
SHP0559,Delhi,Patna,15-04-2024,21-04-2024,Rainy,Foggy,0.63,2
SHP0560,Kolkata,Indore,10-04-2024,15-04-2024,Stormy,Foggy,0.08,0
SHP0561,Patna,Pune,07-05-2024,13-05-2024,Sunny,Stormy,0.32,3
SHP0562,Ahmedabad,Lucknow,06-05-2024,10-05-2024,Sunny,Cloudy,0.19,1
SHP0563,Kanpur,Visakhapatnam,27-01-2024,02-02-2024,Sunny,Rainy,0.28,0
SHP0564,Lucknow,Kolkata,14-01-2024,21-01-2024,Foggy,Sunny,0.27,1
SHP0565,Delhi,Chennai,02-03-2024,08-03-2024,Cloudy,Rainy,0.06,1
SHP0566,Nagpur,Mumbai,09-03-2024,13-03-2024,Rainy,Rainy,0.51,1
SHP0567,Ahmedabad,Thane,02-05-2024,07-05-2024,Stormy,Sunny,0.4,1
SHP0568,Nagpur,Bhopal,17-03-2024,26-03-2024,Rainy,Sunny,0.13,4
SHP0569,Mumbai,Hyderabad,14-05-2024,23-05-2024,Cloudy,Rainy,0.58,3
SHP0570,Delhi,Thane,03-05-2024,07-05-2024,Cloudy,Rainy,0.45,2
SHP0571,Ahmedabad,Nagpur,14-01-2024,19-01-2024,Rainy,Foggy,0.19,1
SHP0572,Jaipur,Visakhapatnam,23-03-2024,27-03-2024,Stormy,Cloudy,0.51,1
SHP0573,Bangalore,Indore,23-01-2024,29-01-2024,Stormy,Stormy,0.46,2
SHP0574,Visakhapatnam,Bangalore,13-01-2024,21-01-2024,Sunny,Rainy,0.51,3
SHP0575,Bangalore,Pune,01-04-2024,12-04-2024,Foggy,Cloudy,0.14,5
SHP0576,Chennai,Jaipur,15-04-2024,22-04-2024,Sunny,Cloudy,0.54,2
SHP0577,Pune,Indore,28-02-2024,05-03-2024,Foggy,Stormy,0.31,2
SHP0578,Jaipur,Bangalore,30-05-2024,07-06-2024,Stormy,Cloudy,0.6,4
SHP0579,Jaipur,Kolkata,04-04-2024,10-04-2024,Rainy,Rainy,0.58,0
SHP0580,Patna,Bhopal,20-02-2024,26-02-2024,Cloudy,Stormy,0.06,2
SHP0581,Bangalore,Bhopal,17-02-2024,20-02-2024,Cloudy,Sunny,0.37,1
SHP0582,Chennai,Pune,23-04-2024,02-05-2024,Cloudy,Cloudy,0.26,4
SHP0583,Nagpur,Pune,29-01-2024,03-02-2024,Sunny,Rainy,0.45,3
SHP0584,Hyderabad,Bangalore,01-02-2024,06-02-2024,Sunny,Foggy,0.17,0
SHP0585,Mumbai,Kanpur,10-05-2024,15-05-2024,Foggy,Rainy,0.38,1
SHP0586,Bhopal,Delhi,17-03-2024,23-03-2024,Cloudy,Foggy,0.11,2
SHP0587,Thane,Bhopal,18-04-2024,22-04-2024,Foggy,Cloudy,0.45,2
SHP0588,Visakhapatnam,Bangalore,25-05-2024,30-05-2024,Cloudy,Stormy,0.16,3
SHP0589,Hyderabad,Kolkata,27-04-2024,04-05-2024,Stormy,Foggy,0.35,4
SHP0590,Nagpur,Jaipur,03-01-2024,11-01-2024,Stormy,Rainy,0.15,2
SHP0591,Chennai,Mumbai,20-03-2024,24-03-2024,Rainy,Rainy,0.25,2
SHP0592,Surat,Nagpur,26-02-2024,03-03-2024,Stormy,Cloudy,0.09,4
SHP0593,Chennai,Jaipur,01-01-2024,05-01-2024,Sunny,Stormy,0.24,2
SHP0594,Bhopal,Ahmedabad,20-02-2024,26-02-2024,Stormy,Stormy,0.58,4
SHP0595,Hyderabad,Bangalore,15-03-2024,18-03-2024,Rainy,Sunny,0.21,0
SHP0596,Visakhapatnam,Chennai,22-01-2024,26-01-2024,Cloudy,Rainy,0.37,0
SHP0597,Mumbai,Indore,25-02-2024,01-03-2024,Stormy,Sunny,0.27,2
SHP0598,Visakhapatnam,Bhopal,22-04-2024,28-04-2024,Foggy,Cloudy,0.53,2
SHP0599,Surat,Ahmedabad,13-05-2024,17-05-2024,Foggy,Cloudy,0.42,0
SHP0600,Indore,Bangalore,23-01-2024,27-01-2024,Rainy,Rainy,0.15,2
SHP0601,Chennai,Kolkata,24-03-2024,30-03-2024,Foggy,Cloudy,0.39,1
SHP0602,Lucknow,Jaipur,27-03-2024,03-04-2024,Stormy,Stormy,0.62,3
SHP0603,Kolkata,Jaipur,20-01-2024,30-01-2024,Rainy,Rainy,0.17,5
SHP0604,Pune,Ahmedabad,26-02-2024,29-02-2024,Sunny,Foggy,0.57,1
SHP0605,Mumbai,Bangalore,05-02-2024,11-02-2024,Stormy,Foggy,0.13,0
SHP0606,Indore,Nagpur,11-02-2024,15-02-2024,Cloudy,Stormy,0.1,1
SHP0607,Hyderabad,Kanpur,11-01-2024,16-01-2024,Cloudy,Foggy,0.31,3
SHP0608,Kanpur,Jaipur,27-01-2024,30-01-2024,Cloudy,Sunny,0.11,1
SHP0609,Mumbai,Bangalore,15-03-2024,21-03-2024,Sunny,Sunny,0.26,0
SHP0610,Patna,Jaipur,30-04-2024,03-05-2024,Sunny,Stormy,0.24,1
SHP0611,Kanpur,Thane,18-02-2024,26-02-2024,Foggy,Stormy,0.66,3
SHP0612,Indore,Hyderabad,07-02-2024,10-02-2024,Sunny,Foggy,0.58,1
SHP0613,Mumbai,Kolkata,02-05-2024,04-05-2024,Sunny,Foggy,0.4,0
SHP0614,Hyderabad,Nagpur,23-02-2024,01-03-2024,Cloudy,Stormy,0.17,3
SHP0615,Kolkata,Lucknow,26-02-2024,03-03-2024,Sunny,Foggy,0.37,2
SHP0616,Bangalore,Jaipur,16-05-2024,23-05-2024,Stormy,Rainy,0.37,4
SHP0617,Bangalore,Nagpur,16-03-2024,23-03-2024,Foggy,Cloudy,0.18,1
SHP0618,Hyderabad,Jaipur,17-03-2024,25-03-2024,Sunny,Stormy,0.38,3
SHP0619,Patna,Jaipur,10-02-2024,20-02-2024,Sunny,Cloudy,0.26,5
SHP0620,Bhopal,Pune,28-03-2024,04-04-2024,Stormy,Rainy,0.35,1
SHP0621,Chennai,Hyderabad,14-01-2024,21-01-2024,Sunny,Rainy,0.45,2
SHP0622,Kolkata,Chennai,02-01-2024,06-01-2024,Cloudy,Cloudy,0.22,1
SHP0623,Thane,Pune,13-04-2024,22-04-2024,Cloudy,Rainy,0.05,3
SHP0624,Bangalore,Chennai,25-05-2024,31-05-2024,Foggy,Rainy,0.16,1
SHP0625,Lucknow,Kanpur,17-05-2024,25-05-2024,Stormy,Foggy,0.69,4
SHP0626,Kanpur,Indore,01-03-2024,06-03-2024,Cloudy,Stormy,0.55,1
SHP0627,Indore,Bangalore,02-04-2024,09-04-2024,Rainy,Cloudy,0.02,2
SHP0628,Jaipur,Surat,02-04-2024,09-04-2024,Stormy,Sunny,0.44,4
SHP0629,Nagpur,Hyderabad,18-03-2024,21-03-2024,Sunny,Rainy,0.17,0
SHP0630,Ahmedabad,Thane,15-04-2024,18-04-2024,Rainy,Sunny,0.2,0
SHP0631,Ahmedabad,Visakhapatnam,02-01-2024,07-01-2024,Cloudy,Sunny,0.32,2
SHP0632,Pune,Indore,15-05-2024,20-05-2024,Cloudy,Sunny,0.29,2
SHP0633,Delhi,Lucknow,10-02-2024,13-02-2024,Sunny,Rainy,0.12,0
SHP0634,Kanpur,Mumbai,14-01-2024,21-01-2024,Sunny,Cloudy,0.11,4
SHP0635,Indore,Chennai,19-02-2024,25-02-2024,Sunny,Cloudy,0.19,1
SHP0636,Kanpur,Surat,24-05-2024,30-05-2024,Foggy,Stormy,0.18,4
SHP0637,Bangalore,Kolkata,18-04-2024,24-04-2024,Foggy,Foggy,0.47,1
SHP0638,Pune,Lucknow,16-02-2024,19-02-2024,Foggy,Foggy,0.29,0
SHP0639,Surat,Delhi,02-01-2024,12-01-2024,Foggy,Stormy,0.09,4
SHP0640,Hyderabad,Patna,20-04-2024,24-04-2024,Rainy,Foggy,0.22,2
SHP0641,Hyderabad,Chennai,16-05-2024,22-05-2024,Foggy,Stormy,0.6,2
SHP0642,Visakhapatnam,Lucknow,12-03-2024,20-03-2024,Stormy,Sunny,0.2,2
SHP0643,Nagpur,Surat,09-05-2024,15-05-2024,Cloudy,Cloudy,0.06,4
SHP0644,Nagpur,Jaipur,06-01-2024,10-01-2024,Sunny,Cloudy,0.24,2
SHP0645,Kanpur,Indore,01-04-2024,08-04-2024,Rainy,Sunny,0.29,2
SHP0646,Ahmedabad,Lucknow,18-03-2024,23-03-2024,Sunny,Sunny,0.44,1
SHP0647,Kolkata,Delhi,21-04-2024,24-04-2024,Sunny,Sunny,0.33,0
SHP0648,Kolkata,Hyderabad,21-05-2024,25-05-2024,Foggy,Cloudy,0.18,1
SHP0649,Bangalore,Nagpur,23-04-2024,26-04-2024,Foggy,Rainy,0.28,1
SHP0650,Delhi,Kanpur,10-03-2024,12-03-2024,Sunny,Rainy,0.44,0
SHP0651,Indore,Jaipur,26-04-2024,30-04-2024,Stormy,Rainy,0.24,2
SHP0652,Jaipur,Patna,19-05-2024,26-05-2024,Sunny,Stormy,0.17,3
SHP0653,Mumbai,Thane,06-02-2024,12-02-2024,Foggy,Foggy,0.51,0
SHP0654,Delhi,Thane,25-03-2024,30-03-2024,Sunny,Foggy,0.5,3
SHP0655,Bangalore,Delhi,09-03-2024,15-03-2024,Stormy,Rainy,0.13,0
SHP0656,Kolkata,Thane,17-01-2024,25-01-2024,Cloudy,Cloudy,0.33,2
SHP0657,Indore,Chennai,30-01-2024,03-02-2024,Sunny,Cloudy,0.23,0
SHP0658,Nagpur,Hyderabad,25-01-2024,01-02-2024,Foggy,Sunny,0.57,2
SHP0659,Visakhapatnam,Hyderabad,23-04-2024,30-04-2024,Rainy,Stormy,0.67,2
SHP0660,Kolkata,Jaipur,19-03-2024,27-03-2024,Foggy,Foggy,0.11,2
SHP0661,Pune,Thane,07-05-2024,14-05-2024,Sunny,Cloudy,0.27,1
SHP0662,Visakhapatnam,Jaipur,19-03-2024,26-03-2024,Foggy,Rainy,0.24,3
SHP0663,Pune,Delhi,23-05-2024,29-05-2024,Cloudy,Stormy,0.14,1
SHP0664,Lucknow,Nagpur,23-02-2024,29-02-2024,Stormy,Sunny,0.03,2
SHP0665,Kanpur,Nagpur,06-01-2024,11-01-2024,Rainy,Rainy,0.13,0
SHP0666,Ahmedabad,Patna,15-03-2024,22-03-2024,Foggy,Foggy,0.21,4
SHP0667,Indore,Mumbai,31-01-2024,09-02-2024,Sunny,Rainy,0.21,4
SHP0668,Hyderabad,Bangalore,27-02-2024,04-03-2024,Sunny,Stormy,0.13,2
SHP0669,Surat,Bhopal,30-05-2024,02-06-2024,Sunny,Stormy,0.29,0
SHP0670,Bhopal,Surat,13-02-2024,23-02-2024,Cloudy,Sunny,0.41,5
SHP0671,Jaipur,Kanpur,27-02-2024,03-03-2024,Foggy,Cloudy,0.31,2
SHP0672,Mumbai,Thane,22-01-2024,30-01-2024,Sunny,Sunny,0.12,3
SHP0673,Mumbai,Kolkata,13-03-2024,23-03-2024,Rainy,Cloudy,0.25,5
SHP0674,Kolkata,Patna,24-04-2024,03-05-2024,Rainy,Sunny,0.34,3
SHP0675,Indore,Kanpur,18-01-2024,23-01-2024,Rainy,Cloudy,0.05,3
SHP0676,Bangalore,Ahmedabad,13-01-2024,21-01-2024,Sunny,Cloudy,0.43,6
SHP0677,Hyderabad,Mumbai,02-03-2024,08-03-2024,Foggy,Foggy,0.41,3
SHP0678,Thane,Bhopal,01-05-2024,04-05-2024,Cloudy,Stormy,0.21,1
SHP0679,Visakhapatnam,Delhi,10-02-2024,16-02-2024,Sunny,Rainy,0.3,3
SHP0680,Indore,Nagpur,09-03-2024,14-03-2024,Foggy,Stormy,0.28,2
SHP0681,Jaipur,Lucknow,28-03-2024,04-04-2024,Cloudy,Cloudy,0.43,4
SHP0682,Bangalore,Lucknow,11-04-2024,17-04-2024,Foggy,Rainy,0.55,3
SHP0683,Nagpur,Surat,13-05-2024,20-05-2024,Foggy,Stormy,0.24,2
SHP0684,Indore,Surat,27-03-2024,02-04-2024,Foggy,Stormy,0.5,4
SHP0685,Hyderabad,Visakhapatnam,01-04-2024,07-04-2024,Cloudy,Sunny,0.45,1
SHP0686,Kanpur,Thane,10-03-2024,16-03-2024,Stormy,Rainy,0.11,3
SHP0687,Hyderabad,Surat,04-04-2024,12-04-2024,Stormy,Cloudy,0.31,3
SHP0688,Bangalore,Surat,03-05-2024,10-05-2024,Stormy,Cloudy,0.2,3
SHP0689,Jaipur,Nagpur,29-05-2024,05-06-2024,Sunny,Rainy,0.47,1
SHP0690,Chennai,Lucknow,23-05-2024,28-05-2024,Cloudy,Rainy,0.4,1
SHP0691,Patna,Lucknow,25-05-2024,01-06-2024,Stormy,Sunny,0.08,1
SHP0692,Visakhapatnam,Kolkata,09-04-2024,13-04-2024,Sunny,Foggy,0.07,0
SHP0693,Lucknow,Patna,22-01-2024,27-01-2024,Sunny,Stormy,0.5,3
SHP0694,Patna,Delhi,06-03-2024,12-03-2024,Sunny,Sunny,0.36,1
SHP0695,Visakhapatnam,Lucknow,08-01-2024,13-01-2024,Rainy,Stormy,0.28,2
SHP0696,Jaipur,Indore,30-01-2024,05-02-2024,Foggy,Stormy,0.12,4
SHP0697,Hyderabad,Thane,09-02-2024,18-02-2024,Cloudy,Sunny,0.22,3
SHP0698,Surat,Jaipur,12-03-2024,18-03-2024,Sunny,Foggy,0.43,1
SHP0699,Jaipur,Nagpur,17-04-2024,22-04-2024,Cloudy,Cloudy,0.45,3
SHP0700,Nagpur,Bhopal,22-03-2024,30-03-2024,Sunny,Sunny,0.14,3
SHP0701,Nagpur,Surat,17-01-2024,24-01-2024,Rainy,Rainy,0.58,1
SHP0702,Pune,Lucknow,16-04-2024,20-04-2024,Sunny,Foggy,0.24,1
SHP0703,Visakhapatnam,Chennai,20-02-2024,24-02-2024,Rainy,Foggy,0.44,1
SHP0704,Bhopal,Thane,16-04-2024,24-04-2024,Cloudy,Sunny,0.25,2
SHP0705,Surat,Jaipur,11-03-2024,20-03-2024,Sunny,Cloudy,0.12,3
SHP0706,Mumbai,Bhopal,20-04-2024,27-04-2024,Cloudy,Rainy,0.4,5
SHP0707,Thane,Bhopal,04-05-2024,11-05-2024,Foggy,Stormy,0.1,2
SHP0708,Ahmedabad,Hyderabad,28-04-2024,02-05-2024,Cloudy,Foggy,0.31,1
SHP0709,Chennai,Ahmedabad,29-04-2024,02-05-2024,Foggy,Stormy,0.11,1
SHP0710,Nagpur,Ahmedabad,01-01-2024,09-01-2024,Stormy,Sunny,0.57,3
SHP0711,Indore,Chennai,24-01-2024,31-01-2024,Stormy,Foggy,0.34,1
SHP0712,Pune,Thane,01-04-2024,08-04-2024,Foggy,Stormy,0.21,1
SHP0713,Kolkata,Surat,10-03-2024,15-03-2024,Foggy,Foggy,0.22,3
SHP0714,Nagpur,Kolkata,12-05-2024,19-05-2024,Rainy,Sunny,0.14,3
SHP0715,Nagpur,Pune,30-01-2024,05-02-2024,Rainy,Sunny,0.67,0
SHP0716,Patna,Surat,08-05-2024,12-05-2024,Sunny,Cloudy,0.28,2
SHP0717,Thane,Lucknow,14-03-2024,22-03-2024,Rainy,Foggy,0.33,4
SHP0718,Visakhapatnam,Thane,02-01-2024,05-01-2024,Stormy,Sunny,0.46,1
SHP0719,Ahmedabad,Bangalore,19-04-2024,27-04-2024,Stormy,Stormy,0.65,3
SHP0720,Kanpur,Nagpur,24-01-2024,31-01-2024,Rainy,Foggy,0.23,3
SHP0721,Patna,Thane,28-05-2024,06-06-2024,Foggy,Cloudy,0.31,3
SHP0722,Ahmedabad,Kanpur,16-03-2024,21-03-2024,Rainy,Cloudy,0.37,3
SHP0723,Thane,Chennai,15-01-2024,17-01-2024,Foggy,Sunny,0.59,0
SHP0724,Delhi,Bangalore,11-03-2024,15-03-2024,Stormy,Foggy,0.42,2
SHP0725,Kanpur,Pune,21-02-2024,25-02-2024,Foggy,Cloudy,0.22,2
SHP0726,Ahmedabad,Surat,09-03-2024,14-03-2024,Sunny,Stormy,0.36,0
SHP0727,Hyderabad,Delhi,22-05-2024,26-05-2024,Cloudy,Stormy,0.07,0
SHP0728,Hyderabad,Patna,03-01-2024,11-01-2024,Stormy,Cloudy,0.41,2
SHP0729,Patna,Ahmedabad,29-02-2024,07-03-2024,Stormy,Foggy,0.22,2
SHP0730,Patna,Delhi,28-03-2024,31-03-2024,Cloudy,Stormy,0.01,1
SHP0731,Delhi,Chennai,12-03-2024,23-03-2024,Foggy,Sunny,0.22,5
SHP0732,Nagpur,Bhopal,25-02-2024,28-02-2024,Foggy,Stormy,0.25,1
SHP0733,Patna,Jaipur,04-05-2024,09-05-2024,Sunny,Cloudy,0.33,3
SHP0734,Hyderabad,Thane,17-05-2024,25-05-2024,Foggy,Sunny,0.24,3
SHP0735,Delhi,Visakhapatnam,23-03-2024,27-03-2024,Foggy,Rainy,0.52,0
SHP0736,Surat,Hyderabad,10-03-2024,14-03-2024,Sunny,Stormy,0.12,1
SHP0737,Delhi,Lucknow,04-02-2024,10-02-2024,Foggy,Sunny,0.47,0
SHP0738,Kanpur,Mumbai,13-04-2024,21-04-2024,Stormy,Sunny,0.29,3
SHP0739,Mumbai,Bhopal,22-02-2024,26-02-2024,Foggy,Rainy,0.2,2
SHP0740,Hyderabad,Delhi,14-03-2024,21-03-2024,Rainy,Sunny,0.25,2
SHP0741,Lucknow,Delhi,29-05-2024,01-06-2024,Foggy,Rainy,0.18,1
SHP0742,Jaipur,Thane,27-03-2024,30-03-2024,Rainy,Stormy,0.14,1
SHP0743,Lucknow,Patna,24-02-2024,28-02-2024,Sunny,Foggy,0.13,2
SHP0744,Patna,Indore,24-05-2024,29-05-2024,Stormy,Cloudy,0.59,1
SHP0745,Lucknow,Kanpur,13-05-2024,19-05-2024,Foggy,Cloudy,0.38,0
SHP0746,Mumbai,Pune,20-02-2024,26-02-2024,Cloudy,Cloudy,0.07,4
SHP0747,Patna,Hyderabad,06-02-2024,13-02-2024,Rainy,Stormy,0.31,1
SHP0748,Jaipur,Visakhapatnam,22-02-2024,29-02-2024,Stormy,Stormy,0.4,5
SHP0749,Lucknow,Chennai,13-02-2024,22-02-2024,Stormy,Cloudy,0.26,3
SHP0750,Mumbai,Ahmedabad,23-04-2024,30-04-2024,Sunny,Foggy,0.24,3
SHP0751,Patna,Lucknow,23-01-2024,30-01-2024,Stormy,Cloudy,0.49,1
SHP0752,Visakhapatnam,Bhopal,26-01-2024,01-02-2024,Rainy,Rainy,0.47,1
SHP0753,Mumbai,Pune,09-02-2024,14-02-2024,Sunny,Sunny,0.76,3
SHP0754,Patna,Nagpur,28-01-2024,02-02-2024,Cloudy,Sunny,0.1,2
SHP0755,Kolkata,Bangalore,21-04-2024,26-04-2024,Stormy,Cloudy,0.15,2
SHP0756,Ahmedabad,Kolkata,25-05-2024,31-05-2024,Cloudy,Foggy,0.27,2
SHP0757,Mumbai,Thane,14-02-2024,20-02-2024,Cloudy,Stormy,0.23,0
SHP0758,Bhopal,Patna,24-04-2024,03-05-2024,Stormy,Foggy,0.03,7
SHP0759,Chennai,Kanpur,04-03-2024,07-03-2024,Sunny,Foggy,0.22,1
SHP0760,Thane,Nagpur,20-04-2024,25-04-2024,Rainy,Cloudy,0.22,3
SHP0761,Bangalore,Hyderabad,23-01-2024,28-01-2024,Foggy,Rainy,0.11,3
SHP0762,Kolkata,Mumbai,09-05-2024,16-05-2024,Sunny,Rainy,0.42,3
SHP0763,Patna,Thane,23-02-2024,01-03-2024,Cloudy,Foggy,0.42,1
SHP0764,Bangalore,Kanpur,29-03-2024,02-04-2024,Foggy,Foggy,0.51,0
SHP0765,Nagpur,Pune,18-05-2024,25-05-2024,Cloudy,Rainy,0.36,4
SHP0766,Visakhapatnam,Bangalore,15-01-2024,19-01-2024,Rainy,Foggy,0.23,1
SHP0767,Nagpur,Delhi,17-01-2024,25-01-2024,Stormy,Stormy,0.14,3
SHP0768,Kolkata,Ahmedabad,16-03-2024,25-03-2024,Foggy,Stormy,0.68,3
SHP0769,Jaipur,Bangalore,13-05-2024,17-05-2024,Sunny,Sunny,0.25,0
SHP0770,Pune,Jaipur,31-01-2024,04-02-2024,Stormy,Rainy,0.15,1
SHP0771,Surat,Jaipur,10-04-2024,17-04-2024,Stormy,Foggy,0.34,2
SHP0772,Delhi,Bangalore,14-03-2024,20-03-2024,Rainy,Foggy,0.33,2
SHP0773,Lucknow,Delhi,25-04-2024,04-05-2024,Sunny,Stormy,0.49,4
SHP0774,Ahmedabad,Chennai,04-04-2024,08-04-2024,Sunny,Rainy,0.53,2
SHP0775,Bhopal,Visakhapatnam,23-04-2024,30-04-2024,Stormy,Rainy,0.38,2
SHP0776,Patna,Jaipur,02-02-2024,09-02-2024,Foggy,Sunny,0.19,1
SHP0777,Delhi,Ahmedabad,20-04-2024,28-04-2024,Sunny,Foggy,0.24,2
SHP0778,Jaipur,Bangalore,07-02-2024,12-02-2024,Foggy,Cloudy,0.43,3
SHP0779,Jaipur,Lucknow,07-04-2024,15-04-2024,Sunny,Sunny,0.35,2
SHP0780,Pune,Bhopal,20-04-2024,28-04-2024,Cloudy,Sunny,0.21,2
SHP0781,Surat,Bangalore,26-05-2024,01-06-2024,Sunny,Stormy,0.37,2
SHP0782,Chennai,Thane,06-01-2024,09-01-2024,Sunny,Rainy,0.14,1
SHP0783,Delhi,Thane,03-02-2024,05-02-2024,Stormy,Cloudy,0.34,0
SHP0784,Lucknow,Mumbai,05-03-2024,11-03-2024,Foggy,Cloudy,0.37,2
SHP0785,Nagpur,Hyderabad,15-04-2024,21-04-2024,Rainy,Cloudy,0.59,0
SHP0786,Ahmedabad,Patna,27-05-2024,04-06-2024,Sunny,Foggy,0.25,3
SHP0787,Chennai,Indore,27-05-2024,01-06-2024,Rainy,Foggy,0.25,2
SHP0788,Hyderabad,Patna,04-02-2024,07-02-2024,Foggy,Cloudy,0.3,1
SHP0789,Ahmedabad,Patna,31-01-2024,08-02-2024,Sunny,Cloudy,0.51,2
SHP0790,Kolkata,Pune,01-02-2024,08-02-2024,Cloudy,Rainy,0.27,3
SHP0791,Visakhapatnam,Kanpur,12-04-2024,14-04-2024,Stormy,Cloudy,0.1,0
SHP0792,Chennai,Patna,09-03-2024,12-03-2024,Rainy,Foggy,0.25,0
SHP0793,Delhi,Pune,15-03-2024,21-03-2024,Sunny,Cloudy,0.14,2
SHP0794,Patna,Mumbai,26-04-2024,28-04-2024,Foggy,Stormy,0.39,0
SHP0795,Ahmedabad,Lucknow,21-01-2024,25-01-2024,Rainy,Stormy,0.04,0
SHP0796,Pune,Thane,07-04-2024,11-04-2024,Stormy,Sunny,0.23,1
SHP0797,Patna,Nagpur,30-03-2024,04-04-2024,Cloudy,Rainy,0.43,1
SHP0798,Jaipur,Patna,17-05-2024,21-05-2024,Foggy,Cloudy,0.26,0
SHP0799,Lucknow,Surat,10-01-2024,16-01-2024,Cloudy,Sunny,0.67,0
SHP0800,Ahmedabad,Jaipur,02-04-2024,09-04-2024,Foggy,Rainy,0.17,2
SHP0801,Ahmedabad,Pune,06-04-2024,13-04-2024,Rainy,Sunny,0.26,3
SHP0802,Thane,Kolkata,11-03-2024,14-03-2024,Stormy,Rainy,0.17,1
SHP0803,Thane,Bhopal,07-04-2024,14-04-2024,Cloudy,Sunny,0.04,3
SHP0804,Patna,Thane,03-04-2024,09-04-2024,Foggy,Rainy,0.24,2
SHP0805,Mumbai,Bhopal,25-01-2024,30-01-2024,Cloudy,Sunny,0.43,1
SHP0806,Thane,Pune,01-02-2024,07-02-2024,Sunny,Stormy,0.26,0
SHP0807,Indore,Mumbai,24-05-2024,31-05-2024,Stormy,Foggy,0.31,4
SHP0808,Visakhapatnam,Hyderabad,08-04-2024,11-04-2024,Cloudy,Stormy,0.5,1
SHP0809,Chennai,Patna,08-02-2024,16-02-2024,Rainy,Cloudy,0.13,2
SHP0810,Visakhapatnam,Thane,11-05-2024,19-05-2024,Rainy,Stormy,0.57,5
SHP0811,Pune,Thane,19-03-2024,25-03-2024,Rainy,Stormy,0.55,1
SHP0812,Mumbai,Kolkata,19-04-2024,23-04-2024,Sunny,Cloudy,0.15,1
SHP0813,Hyderabad,Ahmedabad,05-04-2024,15-04-2024,Stormy,Sunny,0.15,4
SHP0814,Nagpur,Thane,26-04-2024,05-05-2024,Stormy,Rainy,0.08,4
SHP0815,Mumbai,Delhi,16-01-2024,20-01-2024,Rainy,Rainy,0.1,2
SHP0816,Pune,Delhi,02-03-2024,06-03-2024,Rainy,Foggy,0.34,1
SHP0817,Indore,Kanpur,12-04-2024,17-04-2024,Rainy,Rainy,0.39,1
SHP0818,Delhi,Mumbai,04-05-2024,11-05-2024,Sunny,Rainy,0.58,1
SHP0819,Bangalore,Surat,13-01-2024,17-01-2024,Sunny,Cloudy,0.27,0
SHP0820,Bhopal,Nagpur,09-05-2024,15-05-2024,Stormy,Rainy,0.67,1
SHP0821,Nagpur,Bangalore,23-02-2024,01-03-2024,Stormy,Cloudy,0.1,5
SHP0822,Kolkata,Thane,26-01-2024,30-01-2024,Rainy,Rainy,0.35,2
SHP0823,Indore,Kolkata,04-04-2024,11-04-2024,Sunny,Rainy,0.61,1
SHP0824,Pune,Lucknow,07-04-2024,12-04-2024,Stormy,Foggy,0.65,1
SHP0825,Kanpur,Surat,19-05-2024,29-05-2024,Stormy,Stormy,0.28,4
SHP0826,Kolkata,Thane,09-01-2024,16-01-2024,Rainy,Stormy,0.47,5
SHP0827,Kanpur,Visakhapatnam,14-01-2024,18-01-2024,Cloudy,Sunny,0.03,2
SHP0828,Pune,Bhopal,06-03-2024,14-03-2024,Rainy,Stormy,0.19,3
SHP0829,Surat,Nagpur,05-03-2024,13-03-2024,Foggy,Foggy,0.36,2
SHP0830,Surat,Nagpur,30-03-2024,06-04-2024,Foggy,Rainy,0.22,1
SHP0831,Delhi,Surat,25-03-2024,04-04-2024,Stormy,Sunny,0.38,4
SHP0832,Lucknow,Chennai,21-05-2024,24-05-2024,Foggy,Rainy,0.47,0
SHP0833,Chennai,Kolkata,14-05-2024,21-05-2024,Sunny,Foggy,0.42,3
SHP0834,Bhopal,Ahmedabad,23-04-2024,26-04-2024,Cloudy,Cloudy,0.45,1
SHP0835,Surat,Jaipur,22-01-2024,29-01-2024,Sunny,Foggy,0.29,3
SHP0836,Mumbai,Bhopal,18-04-2024,25-04-2024,Stormy,Cloudy,0.61,1
SHP0837,Kolkata,Indore,26-04-2024,05-05-2024,Sunny,Sunny,0.04,3
SHP0838,Pune,Surat,26-02-2024,07-03-2024,Rainy,Rainy,0.29,4
SHP0839,Ahmedabad,Patna,29-03-2024,07-04-2024,Rainy,Rainy,0.51,3
SHP0840,Hyderabad,Surat,16-02-2024,22-02-2024,Foggy,Foggy,0.15,4
SHP0841,Delhi,Patna,20-02-2024,29-02-2024,Cloudy,Cloudy,0.23,5
SHP0842,Surat,Thane,17-01-2024,23-01-2024,Cloudy,Stormy,0.49,2
SHP0843,Bhopal,Chennai,21-05-2024,24-05-2024,Sunny,Cloudy,0.12,1
SHP0844,Surat,Ahmedabad,06-02-2024,08-02-2024,Cloudy,Rainy,0.6,0
SHP0845,Bhopal,Bangalore,02-05-2024,07-05-2024,Stormy,Sunny,0.19,3
SHP0846,Visakhapatnam,Indore,28-05-2024,07-06-2024,Rainy,Stormy,0.48,4
SHP0847,Kanpur,Bangalore,09-04-2024,12-04-2024,Rainy,Stormy,0.41,1
SHP0848,Bhopal,Patna,16-05-2024,23-05-2024,Stormy,Sunny,0.25,1
SHP0849,Bangalore,Indore,28-05-2024,02-06-2024,Sunny,Rainy,0.11,1
SHP0850,Delhi,Thane,07-03-2024,11-03-2024,Foggy,Rainy,0.02,1
SHP0851,Lucknow,Kanpur,25-03-2024,01-04-2024,Cloudy,Cloudy,0.12,1
SHP0852,Bhopal,Kolkata,28-01-2024,31-01-2024,Sunny,Rainy,0.34,0
SHP0853,Pune,Nagpur,15-01-2024,20-01-2024,Foggy,Foggy,0.24,1
SHP0854,Patna,Jaipur,09-01-2024,12-01-2024,Sunny,Rainy,0.23,0
SHP0855,Kolkata,Chennai,07-04-2024,12-04-2024,Rainy,Cloudy,0.77,0
SHP0856,Chennai,Visakhapatnam,26-01-2024,31-01-2024,Sunny,Rainy,0.46,3
SHP0857,Delhi,Mumbai,28-03-2024,31-03-2024,Cloudy,Foggy,0.09,1
SHP0858,Pune,Patna,19-05-2024,24-05-2024,Foggy,Rainy,0.19,0
SHP0859,Delhi,Hyderabad,21-02-2024,29-02-2024,Cloudy,Stormy,0.21,3
SHP0860,Mumbai,Kolkata,10-04-2024,16-04-2024,Rainy,Stormy,0.47,3
SHP0861,Indore,Surat,20-01-2024,25-01-2024,Rainy,Foggy,0.42,0
SHP0862,Delhi,Chennai,06-02-2024,10-02-2024,Stormy,Rainy,0.25,1
SHP0863,Indore,Hyderabad,26-05-2024,31-05-2024,Cloudy,Stormy,0.53,1
SHP0864,Pune,Jaipur,01-05-2024,08-05-2024,Cloudy,Rainy,0.41,1
SHP0865,Pune,Nagpur,19-04-2024,27-04-2024,Foggy,Cloudy,0.2,3
SHP0866,Kanpur,Ahmedabad,28-01-2024,06-02-2024,Foggy,Cloudy,0.34,3
SHP0867,Kanpur,Pune,10-05-2024,16-05-2024,Rainy,Rainy,0.07,3
SHP0868,Bhopal,Thane,16-05-2024,23-05-2024,Cloudy,Rainy,0.34,3
SHP0869,Lucknow,Thane,19-02-2024,25-02-2024,Sunny,Rainy,0.65,1
SHP0870,Lucknow,Surat,24-03-2024,29-03-2024,Stormy,Stormy,0.21,2
SHP0871,Surat,Indore,30-04-2024,05-05-2024,Cloudy,Foggy,0.3,1
SHP0872,Thane,Indore,10-01-2024,17-01-2024,Rainy,Stormy,0.24,1
SHP0873,Delhi,Patna,07-02-2024,14-02-2024,Sunny,Rainy,0.2,1
SHP0874,Surat,Bangalore,23-05-2024,31-05-2024,Stormy,Foggy,0.18,2
SHP0875,Chennai,Indore,17-01-2024,22-01-2024,Rainy,Sunny,0.25,3
SHP0876,Indore,Pune,11-01-2024,20-01-2024,Cloudy,Stormy,0.03,3
SHP0877,Surat,Indore,24-05-2024,30-05-2024,Sunny,Cloudy,0.1,1
SHP0878,Bhopal,Mumbai,24-04-2024,02-05-2024,Cloudy,Cloudy,0.4,2
SHP0879,Pune,Mumbai,22-04-2024,26-04-2024,Sunny,Sunny,0.53,1
SHP0880,Jaipur,Indore,26-04-2024,29-04-2024,Rainy,Rainy,0.36,1
SHP0881,Lucknow,Jaipur,02-01-2024,10-01-2024,Sunny,Cloudy,0.37,2
SHP0882,Surat,Bangalore,09-01-2024,14-01-2024,Cloudy,Rainy,0.29,3
SHP0883,Patna,Indore,21-05-2024,25-05-2024,Cloudy,Sunny,0.09,1
SHP0884,Thane,Bangalore,11-04-2024,15-04-2024,Sunny,Stormy,0.6,2
SHP0885,Pune,Nagpur,19-02-2024,27-02-2024,Foggy,Sunny,0.14,2
SHP0886,Lucknow,Nagpur,26-04-2024,01-05-2024,Foggy,Stormy,0.47,1
SHP0887,Kolkata,Hyderabad,27-03-2024,02-04-2024,Rainy,Sunny,0.4,0
SHP0888,Bangalore,Kolkata,30-04-2024,05-05-2024,Rainy,Stormy,0.32,3
SHP0889,Delhi,Chennai,07-04-2024,10-04-2024,Foggy,Sunny,0.17,0
SHP0890,Bangalore,Kolkata,01-03-2024,08-03-2024,Stormy,Stormy,0.3,2
SHP0891,Pune,Surat,26-05-2024,04-06-2024,Sunny,Rainy,0.11,3
SHP0892,Bhopal,Surat,22-01-2024,26-01-2024,Cloudy,Cloudy,0.2,0
SHP0893,Nagpur,Kanpur,18-02-2024,25-02-2024,Stormy,Foggy,0.16,2
SHP0894,Chennai,Indore,07-04-2024,13-04-2024,Cloudy,Foggy,0.3,2
SHP0895,Hyderabad,Kolkata,13-03-2024,18-03-2024,Cloudy,Sunny,0.15,2
SHP0896,Mumbai,Visakhapatnam,14-02-2024,16-02-2024,Stormy,Foggy,0.21,0
SHP0897,Lucknow,Bangalore,10-02-2024,15-02-2024,Foggy,Rainy,0.17,2
SHP0898,Bhopal,Bangalore,04-05-2024,12-05-2024,Sunny,Stormy,0.32,3
SHP0899,Mumbai,Bangalore,18-03-2024,22-03-2024,Stormy,Foggy,0.12,1
SHP0900,Surat,Delhi,04-04-2024,11-04-2024,Sunny,Foggy,0.22,2
SHP0901,Mumbai,Bhopal,21-05-2024,27-05-2024,Stormy,Rainy,0.17,4
SHP0902,Jaipur,Hyderabad,29-04-2024,02-05-2024,Sunny,Foggy,0.15,1
SHP0903,Bangalore,Ahmedabad,30-04-2024,06-05-2024,Rainy,Rainy,0.13,2
SHP0904,Visakhapatnam,Delhi,17-03-2024,24-03-2024,Foggy,Foggy,0.52,3
SHP0905,Ahmedabad,Visakhapatnam,16-01-2024,22-01-2024,Rainy,Stormy,0.12,1
SHP0906,Kolkata,Pune,09-01-2024,12-01-2024,Stormy,Cloudy,0.22,1
SHP0907,Visakhapatnam,Patna,22-01-2024,29-01-2024,Foggy,Sunny,0.26,1
SHP0908,Kolkata,Hyderabad,25-04-2024,30-04-2024,Rainy,Sunny,0.37,0
SHP0909,Thane,Visakhapatnam,16-03-2024,21-03-2024,Rainy,Sunny,0.57,3
SHP0910,Bangalore,Indore,27-04-2024,06-05-2024,Stormy,Stormy,0.27,3
SHP0911,Lucknow,Kanpur,18-02-2024,20-02-2024,Foggy,Rainy,0.42,0
SHP0912,Bangalore,Jaipur,11-04-2024,20-04-2024,Stormy,Cloudy,0.27,4
SHP0913,Nagpur,Pune,13-04-2024,17-04-2024,Stormy,Foggy,0.38,1
SHP0914,Hyderabad,Pune,02-01-2024,06-01-2024,Sunny,Foggy,0.46,1
SHP0915,Patna,Kanpur,02-05-2024,08-05-2024,Cloudy,Cloudy,0.25,3
SHP0916,Lucknow,Surat,23-01-2024,04-02-2024,Sunny,Sunny,0.21,6
SHP0917,Bangalore,Indore,25-05-2024,01-06-2024,Cloudy,Cloudy,0.3,1
SHP0918,Bhopal,Pune,25-02-2024,05-03-2024,Foggy,Stormy,0.39,4
SHP0919,Mumbai,Kanpur,19-02-2024,25-02-2024,Rainy,Rainy,0.29,2
SHP0920,Kolkata,Patna,07-02-2024,16-02-2024,Rainy,Cloudy,0.34,3
SHP0921,Lucknow,Nagpur,19-02-2024,23-02-2024,Sunny,Sunny,0.1,2
SHP0922,Surat,Indore,09-03-2024,15-03-2024,Cloudy,Rainy,0.29,1
SHP0923,Bhopal,Delhi,02-03-2024,12-03-2024,Stormy,Cloudy,0.32,6
SHP0924,Pune,Bangalore,25-03-2024,03-04-2024,Stormy,Cloudy,0.19,4
SHP0925,Hyderabad,Chennai,10-01-2024,16-01-2024,Foggy,Stormy,0.24,2
SHP0926,Patna,Delhi,08-02-2024,13-02-2024,Sunny,Sunny,0.48,0
SHP0927,Visakhapatnam,Jaipur,20-04-2024,25-04-2024,Sunny,Sunny,0.43,1
SHP0928,Bangalore,Nagpur,09-04-2024,13-04-2024,Foggy,Rainy,0.65,0
SHP0929,Surat,Patna,16-02-2024,18-02-2024,Cloudy,Foggy,0.17,0
SHP0930,Bhopal,Nagpur,10-02-2024,19-02-2024,Sunny,Stormy,0.21,3
SHP0931,Surat,Nagpur,30-01-2024,10-02-2024,Foggy,Rainy,0.04,5
SHP0932,Kanpur,Mumbai,21-02-2024,26-02-2024,Stormy,Foggy,0.25,2
SHP0933,Ahmedabad,Nagpur,14-02-2024,20-02-2024,Stormy,Cloudy,0.11,2
SHP0934,Mumbai,Kanpur,07-01-2024,09-01-2024,Stormy,Foggy,0.31,0
SHP0935,Visakhapatnam,Bhopal,07-03-2024,12-03-2024,Cloudy,Rainy,0.23,3
SHP0936,Nagpur,Jaipur,17-01-2024,20-01-2024,Rainy,Rainy,0.15,0
SHP0937,Lucknow,Chennai,21-05-2024,24-05-2024,Stormy,Cloudy,0.17,0
SHP0938,Visakhapatnam,Nagpur,16-05-2024,22-05-2024,Cloudy,Cloudy,0.34,1
SHP0939,Surat,Indore,13-02-2024,15-02-2024,Cloudy,Foggy,0.27,0
SHP0940,Visakhapatnam,Bhopal,15-02-2024,18-02-2024,Sunny,Cloudy,0.16,0
SHP0941,Bhopal,Ahmedabad,27-05-2024,30-05-2024,Rainy,Stormy,0.38,1
SHP0942,Patna,Bhopal,01-03-2024,05-03-2024,Foggy,Foggy,0.15,2
SHP0943,Hyderabad,Thane,05-03-2024,13-03-2024,Rainy,Cloudy,0.36,3
SHP0944,Nagpur,Lucknow,22-05-2024,29-05-2024,Stormy,Sunny,0.27,1
SHP0945,Surat,Chennai,06-03-2024,15-03-2024,Cloudy,Sunny,0.35,4
SHP0946,Visakhapatnam,Hyderabad,02-03-2024,09-03-2024,Stormy,Foggy,0.27,2
SHP0947,Visakhapatnam,Lucknow,30-05-2024,06-06-2024,Rainy,Sunny,0.4,1
SHP0948,Jaipur,Visakhapatnam,20-01-2024,24-01-2024,Cloudy,Sunny,0.49,2
SHP0949,Ahmedabad,Nagpur,08-04-2024,10-04-2024,Rainy,Stormy,0.46,0
SHP0950,Visakhapatnam,Indore,26-02-2024,01-03-2024,Sunny,Stormy,0.27,0
SHP0951,Hyderabad,Thane,08-01-2024,14-01-2024,Stormy,Cloudy,0.3,3
SHP0952,Thane,Lucknow,29-04-2024,03-05-2024,Foggy,Cloudy,0.45,2
SHP0953,Hyderabad,Kanpur,09-02-2024,14-02-2024,Rainy,Rainy,0.24,1
SHP0954,Thane,Visakhapatnam,26-05-2024,31-05-2024,Foggy,Foggy,0.15,3
SHP0955,Nagpur,Kanpur,15-04-2024,19-04-2024,Cloudy,Foggy,0.13,1
SHP0956,Delhi,Visakhapatnam,25-05-2024,31-05-2024,Cloudy,Rainy,0.33,2
SHP0957,Indore,Bhopal,11-04-2024,20-04-2024,Sunny,Stormy,0.34,3
SHP0958,Jaipur,Ahmedabad,14-02-2024,22-02-2024,Foggy,Stormy,0.59,3
SHP0959,Bangalore,Hyderabad,02-01-2024,13-01-2024,Stormy,Sunny,0.47,5
SHP0960,Chennai,Kanpur,27-05-2024,03-06-2024,Rainy,Foggy,0.48,2
SHP0961,Visakhapatnam,Thane,22-04-2024,24-04-2024,Rainy,Rainy,0.17,0
SHP0962,Hyderabad,Lucknow,27-03-2024,02-04-2024,Cloudy,Rainy,0.21,2
SHP0963,Nagpur,Kolkata,09-05-2024,20-05-2024,Sunny,Sunny,0.11,5
SHP0964,Thane,Surat,02-01-2024,06-01-2024,Cloudy,Cloudy,0.36,1
SHP0965,Thane,Lucknow,07-03-2024,14-03-2024,Cloudy,Cloudy,0.47,4
SHP0966,Ahmedabad,Bhopal,23-03-2024,30-03-2024,Foggy,Foggy,0.2,1
SHP0967,Visakhapatnam,Kanpur,05-03-2024,13-03-2024,Cloudy,Stormy,0.22,3
SHP0968,Ahmedabad,Bangalore,25-01-2024,29-01-2024,Foggy,Cloudy,0.13,1
SHP0969,Jaipur,Mumbai,05-02-2024,12-02-2024,Sunny,Sunny,0.17,2
SHP0970,Delhi,Pune,17-01-2024,25-01-2024,Stormy,Cloudy,0.08,4
SHP0971,Lucknow,Hyderabad,26-04-2024,01-05-2024,Cloudy,Rainy,0.33,1
SHP0972,Patna,Delhi,10-01-2024,16-01-2024,Cloudy,Rainy,0.2,2
SHP0973,Nagpur,Indore,05-04-2024,09-04-2024,Stormy,Sunny,0.11,1
SHP0974,Chennai,Kolkata,23-01-2024,29-01-2024,Stormy,Sunny,0.42,2
SHP0975,Bhopal,Indore,24-05-2024,26-05-2024,Cloudy,Foggy,0.34,0
SHP0976,Kolkata,Mumbai,24-03-2024,27-03-2024,Sunny,Cloudy,0.45,1
SHP0977,Surat,Kolkata,31-01-2024,02-02-2024,Sunny,Cloudy,0.26,0
SHP0978,Bhopal,Hyderabad,10-03-2024,15-03-2024,Foggy,Rainy,0.71,2
SHP0979,Jaipur,Thane,16-03-2024,23-03-2024,Cloudy,Sunny,0.41,5
SHP0980,Mumbai,Indore,20-02-2024,26-02-2024,Cloudy,Sunny,0,1
SHP0981,Visakhapatnam,Chennai,09-04-2024,14-04-2024,Cloudy,Cloudy,0.21,3
SHP0982,Pune,Lucknow,30-03-2024,09-04-2024,Sunny,Sunny,0.25,4
SHP0983,Visakhapatnam,Bangalore,08-01-2024,16-01-2024,Rainy,Stormy,0.13,2
SHP0984,Kanpur,Nagpur,25-05-2024,29-05-2024,Foggy,Sunny,0.5,0
SHP0985,Hyderabad,Kanpur,07-03-2024,12-03-2024,Stormy,Cloudy,0.16,2
SHP0986,Patna,Kolkata,14-04-2024,20-04-2024,Sunny,Sunny,0.49,1
SHP0987,Ahmedabad,Surat,03-03-2024,08-03-2024,Cloudy,Cloudy,0.3,3
SHP0988,Indore,Ahmedabad,29-04-2024,05-05-2024,Rainy,Cloudy,0.56,2
SHP0989,Delhi,Ahmedabad,18-04-2024,22-04-2024,Sunny,Foggy,0.33,2
SHP0990,Bangalore,Lucknow,22-02-2024,25-02-2024,Rainy,Cloudy,0.06,1
SHP0991,Indore,Thane,19-05-2024,25-05-2024,Foggy,Sunny,0.6,1
SHP0992,Nagpur,Bhopal,24-05-2024,30-05-2024,Foggy,Cloudy,0.31,1
SHP0993,Kolkata,Pune,30-04-2024,07-05-2024,Rainy,Rainy,0.2,2
SHP0994,Delhi,Kolkata,11-05-2024,16-05-2024,Foggy,Cloudy,0.61,1
SHP0995,Hyderabad,Kolkata,08-04-2024,12-04-2024,Rainy,Sunny,0.55,1
SHP0996,Indore,Hyderabad,05-03-2024,09-03-2024,Foggy,Cloudy,0.34,2
SHP0997,Patna,Kolkata,17-02-2024,24-02-2024,Foggy,Rainy,0.25,2
SHP0998,Kolkata,Hyderabad,26-03-2024,31-03-2024,Sunny,Foggy,0.6,1
SHP0999,Bhopal,Indore,15-04-2024,19-04-2024,Sunny,Cloudy,0.14,0
SHP1000,Nagpur,Visakhapatnam,27-04-2024,02-05-2024,Cloudy,Foggy,0.09,3
